2018-12-17 05:30,11364.8,11452.8,11362.8,11441.9,0
2018-12-18 05:30,11402.2,11509,11361,11496.5,0
2018-12-19 05:30,11522.2,11631.5,11520.2,11616.3,0
2018-12-20 05:30,11537.3,11616.5,11508.6,11599.8,0
2018-12-21 05:30,11601.5,11632.3,11397.8,11439,0
2018-12-24 05:30,11449.8,11454.7,11319.2,11334.5,0
2018-12-26 05:30,11299,11495.2,11204.5,11475.6,0
2018-12-27 05:30,11563.7,11583.3,11446.8,11459,0
2018-12-28 05:30,11523.3,11615.6,11515.5,11586.2,0
2018-12-31 05:30,11646.9,11655.7,11568.2,11585.9,0
2019-01-01 05:30,11608.5,11718,11526.8,11702,0
2019-01-02 05:30,11660.4,11697.8,11536,11586.2,0
2019-01-03 05:30,11590.9,11602.2,11447.8,11459,0
2019-01-04 05:30,11486.1,11591.7,11457.7,11572.5,0
2019-01-07 05:30,11635.7,11663.5,11575.9,11591.6,0
2019-01-08 05:30,11600.2,11646,11527.9,11635.5,0
2019-01-09 05:30,11685,11752.2,11616,11740.8,0
2019-01-10 05:30,11736.2,11741.5,11660.2,11675.5,0
2019-01-11 05:30,11694.1,11734,11629.9,11690.8,0
2019-01-14 05:30,11662.2,11662.5,11552,11589.9,0
2019-01-15 05:30,11620.7,11684.2,11609.4,11675.3,0
2019-01-16 05:30,11670.8,11719.5,11638.5,11653.3,0
2019-01-17 05:30,11691.9,11733.5,11620.5,11703.5,0
2019-01-18 05:30,11715.8,11724.2,11649.5,11678.2,0
2019-01-21 05:30,11689.2,11744.9,11632.5,11717.3,0
2019-01-22 05:30,11704.8,11707,11630.8,11670.1,0
2019-01-23 05:30,11672.2,11687.7,11529.5,11556.6,0
2019-01-24 05:30,11567.2,11579,11504.1,11545.2,0
2019-01-25 05:30,11531.2,11607.8,11457.2,11483.6,0
2019-01-28 05:30,11460.5,11482.3,11223,11266.5,0
2019-01-29 05:30,11249.8,11289.5,11148.5,11224.8,0
2019-01-30 05:30,11307,11323.9,11215.2,11275.2,0
2019-01-31 05:30,11315,11465.3,11273.8,11456.4,0
2019-02-01 05:30,11477,11614.7,11396,11460.9,0
2019-02-04 05:30,11420.2,11518.8,11357,11492.7,0
2019-02-05 05:30,11506.7,11533.8,11453.3,11519.5,0
2019-02-06 05:30,11542,11620.9,11536.8,11610.2,0
2019-02-07 05:30,11622.2,11685.2,11576.2,11606.5,0
2019-02-08 05:30,11563.6,11632.3,11513.8,11540.2,0
2019-02-11 05:30,11525,11531.8,11467.8,11488.8,0
2019-02-12 05:30,11474.2,11516.5,11358.6,11368.8,0
2019-02-13 05:30,11392,11444.1,11348,11369.3,0
2019-02-14 05:30,11363.8,11365.2,11267.8,11304.8,0
2019-02-15 05:30,11315,11320.7,11138.1,11213.9,0
2019-02-18 05:30,11223.7,11254.5,11134.6,11148.2,0
2019-02-19 05:30,11144.5,11285.5,11136.4,11158.1,0
2019-02-20 05:30,11208,11299.3,11187.8,11287.7,0
2019-02-21 05:30,11299.7,11401.7,11291.2,11386.8,0
2019-02-22 05:30,11362.2,11372.7,11309.5,11319.8,0
2019-02-25 05:30,11353.9,11416.9,11330.5,11406.7,0
2019-02-26 05:30,11278.8,11362,11232,11294.8,0
2019-02-27 05:30,11352.1,11398,11188.2,11234.1,0
2019-02-28 05:30,11271,11285.1,11215.5,11227.4,0
2019-03-01 05:30,11284.8,11330.2,11266.3,11308.2,0
2019-03-05 05:30,11313.5,11507.2,11259.2,11500.5,0
2019-03-06 05:30,11541.5,11595,11509.3,11581.2,0
2019-03-07 05:30,11603.2,11634.8,11533.2,11613.8,0
2019-03-08 05:30,11582.8,11626.8,11563.3,11619.6,0
2019-03-11 05:30,11649.3,11737.2,11637.2,11721,0
2019-03-12 05:30,11807,11909.7,11793.6,11895.5,0
2019-03-13 05:30,11915.5,12054,11855.8,12034.2,0
2019-03-14 05:30,12102.2,12116.8,11992.7,12027.3,0
2019-03-15 05:30,12057.8,12272,12052.8,12206.4,0
2019-03-18 05:30,12265.2,12372.3,12196.8,12270,0
2019-03-19 05:30,12312.6,12331.8,12259.2,12314.8,0
2019-03-20 05:30,12324.7,12384.8,12279.2,12351,0
2019-03-22 05:30,12386.5,12423,12239.9,12261.6,0
2019-03-25 05:30,12175.8,12175.8,12086.9,12136.1,0
2019-03-26 05:30,12155.9,12344.8,12142,12323.5,0
2019-03-27 05:30,12377.7,12419.7,12228.6,12302.8,0
2019-03-28 05:30,12308.2,12489.9,12293.2,12474.3,0
2019-03-29 05:30,12510.3,12552.8,12418.5,12544.2,0
2019-04-01 05:30,12575.1,12603.3,12453.8,12499.7,0
2019-04-02 05:30,12547.2,12575.7,12456.5,12538.6,0
2019-04-03 05:30,12569.6,12652,12486.9,12506.8,0
2019-04-04 05:30,12528.5,12614.9,12458,12499.7,0
2019-04-05 05:30,12532,12628.8,12513.1,12595,0
2019-04-08 05:30,12635.3,12642.9,12439,12504,0
2019-04-09 05:30,12523,12587.5,12418.2,12568.1,0
2019-04-10 05:30,12497,12569.6,12410.1,12426.7,0
2019-04-11 05:30,12442.2,12467.1,12399.8,12450,0
2019-04-12 05:30,12450.4,12519.5,12419.6,12495.6,0
2019-04-15 05:30,12526.5,12556.2,12492.9,12535.3,0
2019-04-16 05:30,12584,12688.7,12580.2,12663.3,0
2019-04-18 05:30,12723.8,12726.5,12542.2,12567.3,0
2019-04-22 05:30,12591.8,12598.5,12339,12347,0
2019-04-23 05:30,12376.8,12425.5,12286.3,12295.5,0
2019-04-24 05:30,12321.9,12485.4,12292.5,12466.8,0
2019-04-25 05:30,12491.8,12536.8,12322.2,12344.7,0
2019-04-26 05:30,12408.2,12519.6,12328,12506.1,0
2019-04-30 05:30,12513.5,12572.2,12446.3,12555.5,0
2019-05-02 05:30,12542.2,12637,12517.8,12583.8,0
2019-05-03 05:30,12605,12712.4,12602.8,12637,0
2019-05-06 05:30,12499.5,12539.5,12444.5,12477.4,0
2019-05-07 05:30,12525.8,12568.8,12345.3,12363.7,0
2019-05-08 05:30,12345.2,12345.2,12201.2,12216.2,0
2019-05-09 05:30,12176.5,12242.2,12121.5,12174.2,0
2019-05-10 05:30,12185.5,12324.9,12181.5,12248,0
2019-05-13 05:30,12242.8,12307.1,12155.5,12180,0
2019-05-14 05:30,12204.2,12335.6,12125.8,12225.9,0
2019-05-15 05:30,12282.4,12315.5,12186.7,12209.3,0
2019-05-16 05:30,12223.5,12362.2,12174.5,12325.5,0
2019-05-17 05:30,12334.1,12676.5,12324.7,12640.8,0
2019-05-20 05:30,12953.2,13263.1,12919.2,13222.5,0
2019-05-21 05:30,13271.5,13348.5,13056.2,13084.8,0
2019-05-22 05:30,13132.3,13224.7,13079.2,13156,0
2019-05-23 05:30,13332.6,13581.7,12980.7,13028.3,0
2019-05-24 05:30,13128.2,13330.2,13062.8,13304.3,0
2019-05-27 05:30,13323.1,13520.8,13294,13498.2,0
2019-05-28 05:30,13523.2,13523.2,13336.2,13447.2,0
2019-05-29 05:30,13404.9,13448.2,13334.5,13361.5,0
2019-05-30 05:30,13349.8,13528.5,13335,13516,0
2019-05-31 05:30,13567.3,13623.6,13200.6,13479.8,0
2019-06-03 05:30,13514.7,13650.2,13486.6,13636.1,0
2019-06-04 05:30,13586.3,13664.8,13575.7,13610.2,0
2019-06-06 05:30,13598.5,13610.1,13325,13345.7,0
2019-06-07 05:30,13383.2,13496.7,13269.8,13466.8,0
2019-06-10 05:30,13540.5,13571.3,13381.8,13447.8,0
2019-06-11 05:30,13492.3,13538.2,13387.8,13488.7,0
2019-06-12 05:30,13471.2,13471.2,13327.4,13362.5,0
2019-06-13 05:30,13358.7,13504,13312.1,13482,0
2019-06-14 05:30,13493.3,13518.7,13329.2,13369.1,0
2019-06-17 05:30,13381.8,13381.8,13202,13215.5,0
2019-06-18 05:30,13228.4,13295.8,13166.2,13229.8,0
2019-06-19 05:30,13297.5,13385.4,13202.6,13274.6,0
2019-06-20 05:30,13280,13449.5,13224.2,13438,0
2019-06-21 05:30,13443,13444.9,13295.4,13323.3,0
2019-06-24 05:30,13316.8,13378,13264.3,13308.8,0
2019-06-25 05:30,13298.2,13441.5,13250,13419.7,0
2019-06-26 05:30,13393.5,13558.1,13377.2,13531.8,0
2019-06-27 05:30,13541.7,13660.8,13533.2,13595.2,0
2019-06-28 05:30,13599,13639,13528,13556.4,0
2019-07-01 05:30,13616.3,13717.5,13604.2,13695.7,0
2019-07-02 05:30,13720.3,13752,13616,13742.8,0
2019-07-03 05:30,13758.2,13800.2,13702.3,13764.1,0
2019-07-04 05:30,13792.2,13840,13769,13804,0
2019-07-05 05:30,13821.7,13881.3,13750.9,13798.6,0
2019-07-08 05:30,13764.3,13768.8,13347.4,13398.5,0
2019-07-09 05:30,13357,13419.8,13220.4,13368.8,0
2019-07-10 05:30,13375.8,13436.1,13294,13314.3,0
2019-07-11 05:30,13388.8,13434.5,13316.2,13405,0
2019-07-12 05:30,13443.4,13473,13345.2,13366,0
2019-07-15 05:30,13386.8,13386.8,13285.5,13363,0
2019-07-16 05:30,13398.2,13451.2,13355.3,13423,0
2019-07-17 05:30,13425.1,13515.5,13418.8,13485.3,0
2019-07-18 05:30,13493,13568.7,13479.2,13500.2,0
2019-07-19 05:30,13513.2,13533.8,13202.6,13234.4,0
2019-07-22 05:30,13158.8,13174.8,12851.8,12897,0
2019-07-23 05:30,12909.5,12916.4,12771.1,12804,0
2019-07-24 05:30,12790.9,12890.5,12727.5,12785.7,0
2019-07-25 05:30,12808.5,12930,12759.2,12805.2,0
2019-07-26 05:30,12802.7,12912.2,12762.5,12880,0
2019-07-29 05:30,12950.7,12957.3,12736.7,12827.2,0
2019-07-30 05:30,12872.5,12916,12673.3,12714.1,0
2019-07-31 05:30,12629.2,12746.5,12584,12707.3,0
2019-08-01 05:30,12637.5,12673.4,12376.4,12494.1,0
2019-08-02 05:30,12420.5,12631.3,12293.2,12500.5,0
2019-08-05 05:30,12361.7,12367.1,12219.4,12329.5,0
2019-08-06 05:30,12275.8,12592.7,12269.7,12521.3,0
2019-08-07 05:30,12529.8,12567.6,12386.2,12411.7,0
2019-08-08 05:30,12480,12614.8,12359.2,12581.2,0
2019-08-09 05:30,12649,12853,12631.9,12774.8,0
2019-08-13 05:30,12729.2,12737.4,12373.8,12394,0
2019-08-14 05:30,12478.7,12569.1,12411.2,12509.6,0
2019-08-16 05:30,12521.2,12579.7,12389.3,12543.7,0
2019-08-19 05:30,12605.5,12663.7,12518.2,12532.4,0
2019-08-20 05:30,12522.3,12548.2,12391.2,12450.4,0
2019-08-21 05:30,12466.4,12509.3,12339.5,12356.5,0
2019-08-22 05:30,12341.9,12343.2,12020.6,12049.9,0
2019-08-23 05:30,11962.8,12160.2,11831.2,12080.3,0
2019-08-26 05:30,12369.6,12584.7,12118.2,12563.7,0
2019-08-27 05:30,12624,12692,12560.7,12646.3,0
2019-08-28 05:30,12633.3,12640.7,12504.1,12575.2,0
2019-08-29 05:30,12523.3,12523.8,12311.2,12341.1,0
2019-08-30 05:30,12383.1,12448.8,12300,12418.2,0
2019-09-03 05:30,12323.8,12332.7,12101,12135,0
2019-09-04 05:30,12125.7,12326.2,12064.5,12260.3,0
2019-09-05 05:30,12249.5,12272.8,12098,12122.8,0
2019-09-06 05:30,12153.5,12268.6,12129.4,12235.9,0
2019-09-09 05:30,12243.2,12379.7,12148.1,12341.9,0
2019-09-11 05:30,12389.4,12414.6,12332.9,12382.1,0
2019-09-12 05:30,12425.8,12534.4,12401,12422.2,0
2019-09-13 05:30,12405.6,12523,12340.7,12513,0
2019-09-16 05:30,12436.8,12478.3,12379.5,12397.7,0
2019-09-17 05:30,12361.3,12376.6,12073.5,12111,0
2019-09-18 05:30,12191,12231.8,12086.1,12116.2,0
2019-09-19 05:30,12120.2,12120.2,11943.1,12001.2,0
2019-09-20 05:30,12061.2,12999,11989.7,12859.8,0
2019-09-23 05:30,13278,13657,13180.8,13560.2,0
2019-09-24 05:30,13515.9,13616.6,13287.3,13398.3,0
2019-09-25 05:30,13352.4,13360.8,13082.7,13141.3,0
2019-09-26 05:30,13164,13527.2,13159.8,13288.2,0
2019-09-27 05:30,13286.4,13382,13220.2,13282.7,0
2019-09-30 05:30,13206.1,13232.3,12962.5,13017.3,0
2019-10-01 05:30,13068.6,13184.3,12771.2,12995.5,0
2019-10-03 05:30,12943.2,12986,12786.7,12847.8,0
2019-10-04 05:30,12945.7,12972.2,12565.9,12593.2,0
2019-10-07 05:30,12648.5,12773,12535,12589.2,0
2019-10-09 05:30,12652,12992.4,12590,12970.5,0
2019-10-10 05:30,12884.2,12890.5,12672.5,12721.8,0
2019-10-11 05:30,12814.6,12956.8,12643,12769.3,0
2019-10-14 05:30,12842.2,12944.8,12738.3,12791.2,0
2019-10-15 05:30,12821.5,12963.8,12806.1,12904.6,0
2019-10-16 05:30,12961,13018.8,12883.5,12978.4,0
2019-10-17 05:30,13012.5,13169.8,12977.8,13144.8,0
2019-10-18 05:30,13143.1,13233.5,13100.4,13213.5,0
2019-10-22 05:30,13350.3,13477.5,13287.7,13344.5,0
2019-10-23 05:30,13399,13465.5,13296.3,13398.7,0
2019-10-24 05:30,13461.5,13506.4,13287.9,13334.3,0
2019-10-25 05:30,13382.1,13401.7,13186.8,13346.8,0
2019-10-27 05:30,13430,13447.4,13369.2,13395.4,0
2019-10-29 05:30,13390,13555.2,13351.3,13516.3,0
2019-10-30 05:30,13581.5,13619.4,13500.5,13539.8,0
2019-10-31 05:30,13617,13650.5,13489,13516.5,0
2019-11-01 05:30,13562.8,13628.6,13512.3,13585.3,0
2019-11-04 05:30,13649.5,13705.9,13570,13671.1,0
2019-11-05 05:30,13730.3,13748.3,13613.7,13669.4,0
2019-11-06 05:30,13684.2,13860.7,13571.3,13828.5,0
2019-11-07 05:30,13908.6,13936.4,13828,13894.9,0
2019-11-08 05:30,13880.4,14008.8,13825.6,13868.7,0
2019-11-11 05:30,13838.8,13998.6,13822.5,13969.1,0
2019-11-13 05:30,13955.5,13996.2,13785.3,13806.4,0
2019-11-14 05:30,13852,13965.7,13751.2,13947.3,0
2019-11-15 05:30,13995.5,14094.5,13969.2,14021,0
2019-11-18 05:30,14025.3,14075.7,13955.5,14002.7,0
2019-11-19 05:30,14007.2,14053,13956.7,14008.9,0
2019-11-20 05:30,14030.8,14058.3,13965.3,13982.2,0
2019-11-21 05:30,13995.5,14053,13928.5,14019.2,0
2019-11-22 05:30,14024.9,14026.3,13919.8,13952.1,0
2019-11-25 05:30,13946.5,14169.4,13940.7,14155.8,0
2019-11-26 05:30,14212.9,14252.9,14108,14207.5,0
2019-11-27 05:30,14248.2,14295.5,14202.8,14266,0
2019-11-28 05:30,14303.2,14330.1,14239.5,14287,0
2019-11-29 05:30,14276.1,14284.7,14133.7,14208.8,0
2019-12-02 05:30,14236.3,14237.9,14102.2,14163,0
2019-12-03 05:30,14181.2,14184.2,14070.2,14140.5,0
2019-12-04 05:30,14108.2,14265.5,14068.1,14246.5,0
2019-12-05 05:30,14265.5,14305.3,14156.9,14194,0
2019-12-06 05:30,14227.3,14258,13984.8,14041.8,0
2019-12-09 05:30,14047,14133.7,13985.8,14092.4,0
2019-12-10 05:30,14128.7,14150.5,14056.6,14071.6,0
2019-12-11 05:30,14088,14193.5,14053,14166.8,0
2019-12-12 05:30,14204.5,14302.8,14184.5,14292.9,0
2019-12-13 05:30,14344.5,14460.7,14334.3,14410.5,0
2019-12-16 05:30,14455.1,14466.6,14386.2,14417.6,0
2019-12-17 05:30,14441,14572.2,14410.5,14554.5,0
2019-12-18 05:30,14603,14634.4,14521,14619,0
2019-12-19 05:30,14626.8,14633.6,14552.1,14571.5,0
2019-12-20 05:30,14586.3,14634.8,14550.6,14625.8,0
2019-12-23 05:30,14635.2,14680.6,14570.9,14648.8,0
2019-12-24 05:30,14643.4,14661.8,14584.2,14603.7,0
2019-12-26 05:30,14609.5,14619.6,14506.5,14523.7,0
2019-12-27 05:30,14578.4,14696.4,14544,14679.3,0
2019-12-30 05:30,14719,14737.5,14599.2,14650.6,0
2019-12-31 05:30,14643.3,14643.3,14535.6,14557.4,0
2020-01-01 05:30,14590.1,14621.7,14543.4,14574.2,0
2020-01-02 05:30,14578.2,14707.6,14572.9,14697.5,0
2020-01-03 05:30,14644.6,14656.8,14510.8,14560.7,0
2020-01-06 05:30,14472.8,14493.2,14161.8,14202.5,0
2020-01-07 05:30,14346.5,14467.5,14226,14314.8,0
2020-01-08 05:30,14134.8,14321.4,14117.2,14306.7,0
2020-01-09 05:30,14461.2,14604.4,14427.2,14590.1,0
2020-01-10 05:30,14642.8,14693.7,14545,14609.7,0
2020-01-13 05:30,14630.9,14701.6,14604,14635,0
2020-01-14 05:30,14644.3,14685.8,14568.7,14667.2,0
2020-01-15 05:30,14637.5,14655.7,14528.3,14636,0
2020-01-16 05:30,14625,14697.9,14586.8,14655.3,0
2020-01-17 05:30,14582.5,14636.8,14541.3,14561.8,0
2020-01-20 05:30,14686.7,14686.7,14346.8,14359.7,0
2020-01-21 05:30,14308.2,14385.7,14248.3,14305.7,0
2020-01-22 05:30,14358.7,14396.2,14152.8,14178.5,0
2020-01-23 05:30,14196.8,14314.7,14145.8,14288.5,0
2020-01-24 05:30,14293.4,14450.7,14229.5,14420.4,0
2020-01-27 05:30,14355.2,14400.1,14213,14234.7,0
2020-01-28 05:30,14278.7,14394.3,14227.8,14273.1,0
2020-01-29 05:30,14340.8,14409.8,14308,14346.8,0
2020-01-30 05:30,14383,14388.3,14248,14290,0
2020-01-31 05:30,14389.2,14413.5,14270.2,14316.9,0
2020-02-01 05:30,14272.3,14378.7,13724.8,13758.8,0
2020-02-03 05:30,13719.7,13877.3,13647.6,13822.3,0
2020-02-04 05:30,13908,14241.6,13902.8,14218.8,0
2020-02-05 05:30,14245.4,14420.8,14178.3,14407.8,0
2020-02-06 05:30,14427.3,14596.7,14373.2,14545.8,0
2020-02-07 05:30,14551.7,14558.5,14466.4,14502.4,0
2020-02-10 05:30,14514.8,14520.8,14414.2,14496.8,0
2020-02-11 05:30,14564.1,14676.3,14562.5,14589.5,0
2020-02-12 05:30,14668.8,14747.7,14632.5,14685.4,0
2020-02-13 05:30,14698.1,14713.7,14539.4,14578.8,0
2020-02-14 05:30,14596.2,14672.8,14434,14477.5,0
2020-02-17 05:30,14491,14527.5,14350.2,14370.2,0
2020-02-18 05:30,14356.3,14367.3,14214,14315.7,0
2020-02-19 05:30,14456.7,14536.7,14374.1,14520.2,0
2020-02-20 05:30,14511,14570,14438.5,14510.4,0
2020-02-24 05:30,14398.3,14405.8,14215,14236.2,0
2020-02-25 05:30,14282.1,14312.8,14202.8,14236.1,0
2020-02-26 05:30,14156.8,14252,14072.5,14132.7,0
2020-02-27 05:30,14113.2,14113.2,13953.5,14086,0
2020-02-28 05:30,13778.3,13784.7,13520.3,13566.5,0
2020-03-02 05:30,13824.5,13875.8,13374.2,13520,0
2020-03-03 05:30,13595.5,13722.2,13478,13637,0
2020-03-04 05:30,13685,13695.7,13245.5,13439.5,0
2020-03-05 05:30,13499,13607.7,13394.3,13472.8,0
2020-03-06 05:30,13027.9,13174.6,12851,13082.5,0
2020-03-09 05:30,12765.8,12780.8,12272.1,12522.2,0
2020-03-11 05:30,12391.4,12692.7,12383.5,12560.5,0
2020-03-12 05:30,12037.5,12054.5,11293.7,11454.8,0
2020-03-13 05:30,10830.2,12332,10305,12101.6,0
2020-03-16 05:30,11589.7,11600.8,11069.6,11123.4,0
2020-03-17 05:30,11215.8,11248,10541.7,10613.6,0
2020-03-18 05:30,10709.5,10753.4,9711.4,9800.3,0
2020-03-19 05:30,9234.7,10081.6,8866.65,9598.35,0
2020-03-20 05:30,9539.95,10113.3,9175.8,9871.95,0
2020-03-23 05:30,8898.4,9210.2,8239.15,8298.5,0
2020-03-24 05:30,8623,8746.7,7984.2,8418.7,0
2020-03-25 05:30,8285.25,9247.85,8256.45,9203.3,0
2020-03-26 05:30,9366.95,10073.8,9174.25,9698.55,0
2020-03-27 05:30,10159,10428.6,9594.6,9754.3,0
2020-03-30 05:30,9408,9528.55,8993.6,9030.65,0
2020-03-31 05:30,9327.75,9439.95,9106.2,9317.3,0
2020-04-01 05:30,9293.9,9319.95,8889.25,8942.55,0
2020-04-03 05:30,8986.6,8989.5,8521.15,8562.1,0
2020-04-07 05:30,9072.45,9328.95,8802,9278.3,0
2020-04-08 05:30,9152.6,9814.3,9084.4,9243.45,0
2020-04-09 05:30,9485,9836.35,9424.7,9803,0
2020-04-13 05:30,9814.3,9842.35,9454.7,9500.65,0
2020-04-15 05:30,9780,9780.1,9136.65,9239.35,0
2020-04-16 05:30,9191.15,9466.15,9097,9392.6,0
2020-04-17 05:30,9821.6,9972.2,9577.25,9905.55,0
2020-04-20 05:30,10112.5,10142,9898.3,9930.65,0
2020-04-21 05:30,9612.45,9643.3,9410.35,9468.8,0
2020-04-22 05:30,9429.8,9607.05,9300.3,9569.2,0
2020-04-23 05:30,9647.95,9851.5,9526.7,9808.95,0
2020-04-24 05:30,9522.6,9619.45,9413.95,9431.85,0
2020-04-27 05:30,9569.1,9749.5,9557.8,9627.6,0
2020-04-28 05:30,9766.45,9978.4,9696.1,9951.2,0
2020-04-29 05:30,9919.4,10392.8,9900.5,10292.9,0
2020-04-30 05:30,10504.1,10695.5,10476,10570.8,0
2020-05-04 05:30,10120.7,10128.2,9627.1,9679.95,0
2020-05-05 05:30,9856,9912.35,9460,9483.15,0
2020-05-06 05:30,9524.4,9806.95,9385.85,9727,0
2020-05-07 05:30,9668.7,9737.85,9557.8,9575.75,0
2020-05-08 05:30,9751.85,9775.8,9535.9,9559.35,0
2020-05-11 05:30,9684,9729.45,9362.65,9386.05,0
2020-05-12 05:30,9271.6,9417.25,9052.75,9365.85,0
2020-05-13 05:30,9867.85,9909.5,9604.9,9679.6,0
2020-05-14 05:30,9499.85,9581.65,9337.2,9355.65,0
2020-05-15 05:30,9386.35,9391.3,9195.3,9291.6,0
2020-05-18 05:30,9275.4,9275.65,8654,8675.4,0
2020-05-19 05:30,8920.05,8986.65,8650.15,8715.25,0
2020-05-20 05:30,8737.85,9033.85,8716.95,8983.5,0
2020-05-21 05:30,9019.35,9142.95,8900.65,8924.35,0
2020-05-22 05:30,8846.25,9001.1,8574.5,8651.7,0
2020-05-26 05:30,8750.1,8869.8,8634.1,8673.65,0
2020-05-27 05:30,8743,9235.05,8687.1,9181.5,0
2020-05-28 05:30,9274.25,9521.7,9246.35,9426.65,0
2020-05-29 05:30,9357.05,9552.9,9250.15,9527.05,0
2020-06-01 05:30,9739.85,10010.3,9704.7,9873.5,0
2020-06-02 05:30,9934.85,10215.8,9859.95,10188,0
2020-06-03 05:30,10378.4,10614.7,10337.5,10384.5,0
2020-06-04 05:30,10382,10467.5,10077.7,10110.8,0
2020-06-05 05:30,10171.2,10402.4,10094.2,10334.8,0
2020-06-08 05:30,10581,10636.7,10255.1,10360.2,0
2020-06-09 05:30,10404.8,10528.5,10126.4,10163.3,0
2020-06-10 05:30,10190.5,10343.8,10138.5,10280.5,0
2020-06-11 05:30,10247.2,10304.2,10010.8,10035.7,0
2020-06-12 05:30,9586.2,10157.2,9585.5,10111.8,0
2020-06-15 05:30,10033,10044.5,9735.75,9817.9,0
2020-06-16 05:30,10071.4,10160.5,9741.8,10090,0
2020-06-17 05:30,10039.5,10219.9,9965.75,10007.1,0
2020-06-18 05:30,9977,10402,9949.05,10372,0
2020-06-19 05:30,10378.5,10574.2,10332.3,10534.8,0
2020-06-22 05:30,10625.8,10804.7,10591.8,10662.5,0
2020-06-23 05:30,10730.2,10917,10601.3,10881.4,0
2020-06-24 05:30,10949.2,10971.2,10525.8,10556.7,0
2020-06-25 05:30,10456.9,10698.4,10356.7,10585.6,0
2020-06-26 05:30,10686.9,10699.3,10497.8,10588.5,0
2020-06-29 05:30,10463.5,10576.9,10352.4,10533.2,0
2020-06-30 05:30,10597.1,10666.3,10499,10561.9,0
2020-07-01 05:30,10558.3,10877.3,10540.3,10843.2,0
2020-07-02 05:30,10912.3,11012.7,10845.2,10906.8,0
2020-07-03 05:30,10980.2,10992.3,10838.8,10870.9,0
2020-07-06 05:30,11062,11121.1,11005.9,11023.7,0
2020-07-07 05:30,11070.7,11211.7,10981.6,11193.9,0
2020-07-08 05:30,11225.2,11305,11085.3,11129.2,0
2020-07-09 05:30,11174,11338,11153.8,11305.3,0
2020-07-10 05:30,11211,11276.6,11064.1,11091.2,0
2020-07-13 05:30,11185.5,11202.3,10874.5,10919.9,0
2020-07-14 05:30,10818.2,10836,10556.5,10652,0
2020-07-15 05:30,10760,10867.3,10571.7,10616.1,0
2020-07-16 05:30,10648.8,10731.9,10454.8,10708.3,0
2020-07-17 05:30,10720.1,10963.2,10713.8,10915.7,0
2020-07-20 05:30,11110.7,11173,11042.4,11093.2,0
2020-07-21 05:30,11234.4,11340.2,11224.8,11317.9,0
2020-07-22 05:30,11432.6,11454.1,11195.9,11290.4,0
2020-07-23 05:30,11286,11414.6,11241,11380.3,0
2020-07-24 05:30,11272.7,11272.7,11089.3,11184.9,0
2020-07-27 05:30,11169,11169.2,10889.8,10909.2,0
2020-07-28 05:30,10945.8,11101.7,10815.3,11057,0
2020-07-29 05:30,11025.5,11128.6,10927.2,10990,0
2020-07-30 05:30,11050,11101.3,10772.5,10795.1,0
2020-07-31 05:30,10820.2,10820.7,10630.8,10728.8,0
2020-08-03 05:30,10698.8,10698.8,10442.5,10467.2,0
2020-08-04 05:30,10541.7,10736.8,10476.3,10706,0
2020-08-05 05:30,10772.2,10894.5,10659.7,10685.3,0
2020-08-06 05:30,10769.1,10897.3,10666.8,10797.3,0
2020-08-07 05:30,10776.2,10840.5,10699,10823.1,0
2020-08-11 05:30,10981.2,11071.8,10978.3,11030.2,0
2020-08-12 05:30,10994.8,11032.5,10907.5,10996.1,0
2020-08-13 05:30,11050,11070,10959.4,10978.2,0
2020-08-14 05:30,11042.2,11042.2,10676.2,10758.5,0
2020-08-17 05:30,10865.2,10865.8,10675.3,10783.6,0
2020-08-18 05:30,10780.8,11021.5,10759.5,10995.6,0
2020-08-19 05:30,11069.7,11090.5,11018.1,11042.3,0
2020-08-20 05:30,10909.7,10948,10852.5,10897.5,0
2020-08-21 05:30,10987.6,11059.3,10973.2,11025.8,0
2020-08-24 05:30,11080,11301.8,11069.2,11256.6,0
2020-08-25 05:30,11317.6,11382.2,11242.8,11359,0
2020-08-26 05:30,11401.2,11434.4,11336.5,11416.7,0
2020-08-27 05:30,11475.9,11545.4,11452,11483.4,0
2020-08-28 05:30,11509.5,11740.2,11490.4,11720.3,0
2020-08-31 05:30,11877.5,11986.5,11234.7,11389,0
2020-09-01 05:30,11480.1,11629.8,11340.1,11493.6,0
2020-09-02 05:30,11468.6,11522.7,11363.4,11490.5,0
2020-09-03 05:30,11526.7,11555.5,11346,11371.3,0
2020-09-04 05:30,11183.3,11282.2,11088,11157.8,0
2020-09-07 05:30,11171.4,11194.2,11059.2,11143.5,0
2020-09-08 05:30,11153.3,11205.2,11046.2,11086.2,0
2020-09-09 05:30,10982.7,11029.7,10827.2,10887.6,0
2020-09-10 05:30,10978.8,11062.2,10871.5,10968,0
2020-09-11 05:30,10988,11054.3,10873,10967,0
2020-09-14 05:30,11056.4,11086,10754.5,10782.7,0
2020-09-15 05:30,10850.3,10950.3,10798.7,10926,0
2020-09-16 05:30,10936.5,11041.5,10873.5,11016.1,0
2020-09-17 05:30,10917.2,10980.8,10851.1,10881.2,0
2020-09-18 05:30,10938.8,10944.1,10670.3,10746.8,0
2020-09-21 05:30,10728,10775.1,10489,10527.2,0
2020-09-22 05:30,10562.1,10565,10355.5,10414.8,0
2020-09-23 05:30,10512,10516,10294.2,10426.5,0
2020-09-24 05:30,10301.5,10329.4,10113.5,10134.8,0
2020-09-25 05:30,10257.7,10376.5,10114.5,10332.2,0
2020-09-28 05:30,10416.8,10613.5,10363.5,10591.3,0
2020-09-29 05:30,10647.5,10680.5,10482.3,10561.9,0
2020-09-30 05:30,10562.1,10667.5,10480.7,10622.4,0
2020-10-01 05:30,10726.8,10968.5,10717.8,10949.6,0
2020-10-05 05:30,10982,11137.5,10943.4,10963.2,0
2020-10-06 05:30,11098.3,11329.8,11092.4,11308.9,0
2020-10-07 05:30,11304.9,11380.1,11190.8,11340.9,0
2020-10-08 05:30,11423.8,11536.2,11375.8,11433.5,0
2020-10-09 05:30,11477.1,11726.2,11420.9,11648.5,0
2020-10-12 05:30,11691.5,11799,11518.5,11589.9,0
2020-10-13 05:30,11572.6,11612,11449.8,11481,0
2020-10-14 05:30,11435.8,11722.5,11344.2,11686.7,0
2020-10-15 05:30,11705.3,11771.3,11309,11341.6,0
2020-10-16 05:30,11395.9,11569.2,11364.1,11512.8,0
2020-10-19 05:30,11691.5,11825.7,11631.1,11803.8,0
2020-10-20 05:30,11770.7,11880.2,11730,11820.8,0
2020-10-21 05:30,11880.5,12022.5,11724.1,11964.4,0
2020-10-22 05:30,11885.2,12003.3,11819,11921.3,0
2020-10-23 05:30,12003,12043.5,11898.7,11947.4,0
2020-10-26 05:30,11957.4,11977,11722,11827.8,0
2020-10-27 05:30,11905,12102.1,11771.3,12082.1,0
2020-10-28 05:30,12070.7,12070.7,11747.9,11802.4,0
2020-10-29 05:30,11703,11846.3,11633.3,11710.7,0
2020-10-30 05:30,11699.3,11783.7,11511.5,11636,0
2020-11-02 05:30,11789.8,12174,11701,12089,0
2020-11-03 05:30,12158.8,12497,12150.7,12468.2,0
2020-11-04 05:30,12403.5,12507,12215.5,12458.2,0
2020-11-05 05:30,12601.8,12684.5,12542.2,12659.3,0
2020-11-06 05:30,12653,12915.7,12612,12893.8,0
2020-11-09 05:30,13008,13184.7,13001.9,13158.2,0
2020-11-10 05:30,13377.9,13736.7,13340.2,13698.6,0
2020-11-11 05:30,13751.9,13928.2,13633.2,13889.9,0
2020-11-12 05:30,13783.2,13801.7,13611.3,13743.3,0
2020-11-13 05:30,13676.6,13798.2,13531.6,13779.8,0
2020-11-14 05:30,13879.4,13912.3,13793.5,13840.2,0
2020-11-17 05:30,13948.7,14128.8,13884,14109.3,0
2020-11-18 05:30,14071.5,14315.8,14039,14301.5,0
2020-11-19 05:30,14127,14276.8,13942.8,13973.5,0
2020-11-20 05:30,13994.7,14273,13936.2,14210.5,0
2020-11-23 05:30,14293.8,14309.8,13989.7,14059.1,0
2020-11-24 05:30,14171,14312.6,14139,14275.2,0
2020-11-25 05:30,14393.5,14439.3,13981.8,14011.7,0
2020-11-26 05:30,14080.2,14271.8,13944.3,14237.7,0
2020-11-27 05:30,14277.2,14334.2,14136.2,14293.2,0
2020-12-01 05:30,14358.2,14410.3,14209.2,14352,0
2020-12-02 05:30,14360.1,14363.3,14053.8,14187.5,0
2020-12-03 05:30,14301.7,14305.3,14094.7,14138.8,0
2020-12-04 05:30,14181.4,14357.4,14124.1,14286.5,0
2020-12-07 05:30,14277.8,14383.9,14221.9,14360.2,0
2020-12-08 05:30,14410.8,14440.2,14315.1,14384.7,0
2020-12-09 05:30,14418.1,14580.2,14416.5,14554.3,0
2020-12-10 05:30,14504.7,14505.3,14342.8,14450.1,0
2020-12-11 05:30,14492.2,14577.2,14376.7,14501.9,0
2020-12-14 05:30,14560.7,14583.8,14458.5,14561.5,0
2020-12-15 05:30,14569.7,14695.2,14437.6,14673,0
2020-12-16 05:30,14800,14838.3,14694.5,14789.3,0
2020-12-17 05:30,14843.5,14988.9,14772.4,14963.5,0
2020-12-21 05:30,14830.8,14847.5,14250.8,14392.6,0
2020-12-22 05:30,14453.7,14484,14146,14421.6,0
2020-12-23 05:30,14391.8,14544.9,14343.1,14517,0
2020-12-24 05:30,14607.2,14836.6,14576.8,14779.6,0
2020-12-28 05:30,14851.8,14988.2,14843.8,14966.5,0
2020-12-29 05:30,15021.9,15144,15015.8,15120,0
2020-12-30 05:30,15181.5,15184.2,15004.4,15162.9,0
2020-12-31 05:30,15165.8,15273.7,15092.8,15208,0
2021-01-01 05:30,15215.4,15282.5,15156.7,15184.5,0
2021-01-04 05:30,15289.7,15290.9,15016.8,15193,0
2021-01-05 05:30,15159.3,15405.5,15105.8,15380.5,0
2021-01-06 05:30,15444.2,15451.9,15281.3,15394,0
2021-01-07 05:30,15529.8,15540.6,15400.5,15424.5,0
2021-01-08 05:30,15557.1,15557.5,15430.8,15511.2,0
2021-01-11 05:30,15613.5,15626.8,15493.2,15605.1,0
2021-01-12 05:30,15554.5,15733,15510.3,15712,0
2021-01-13 05:30,15803.5,15848.2,15480.4,15624,0
2021-01-14 05:30,15615.3,15692.7,15567.6,15609,0
2021-01-15 05:30,15576.9,15613.8,15364.3,15453.5,0
2021-01-18 05:30,15484,15525.3,15193.9,15246.2,0
2021-01-19 05:30,15356.2,15648.8,15269.2,15614.1,0
2021-01-20 05:30,15613.8,15703.3,15541.8,15663,0
2021-01-21 05:30,15721.2,15748.5,15463.7,15546.7,0
2021-01-22 05:30,15530.8,15538.1,15116,15141.8,0
2021-01-25 05:30,15323.4,15447.8,15102.3,15143.7,0
2021-01-27 05:30,15156.8,15156.8,14687.8,14723.9,0
2021-01-28 05:30,14510.3,14635,14352.2,14602.8,0
2021-01-29 05:30,14768.5,14876.4,14545.3,14593.3,0
2021-02-01 05:30,14779.8,15770.8,14732.7,15702.5,0
2021-02-02 05:30,15943.5,16455.4,15928.5,16208.9,0
2021-02-03 05:30,16360.1,16452.4,16074.8,16403.7,0
2021-02-04 05:30,16379,16633.6,16190.5,16606.9,0
2021-02-05 05:30,16643.7,16987.6,16641.1,16724,0
2021-02-08 05:30,16917.3,17036.6,16806.8,16862.3,0
2021-02-09 05:30,16931.8,17080.6,16747.1,16904.9,0
2021-02-10 05:30,16903.1,16992.7,16730.2,16869.3,0
2021-02-11 05:30,16806.8,16950.2,16790.1,16861.8,0
2021-02-12 05:30,16843.2,17077.6,16839.6,17016.3,0
2021-02-15 05:30,17175.1,17556.1,17141.2,17504.9,0
2021-02-16 05:30,17564.1,17654.4,17320.8,17448.3,0
2021-02-17 05:30,17392,17457.4,17218.4,17255.6,0
2021-02-18 05:30,17296.4,17302.9,16923.3,17000.6,0
2021-02-19 05:30,16901.1,17035.9,16634.2,16747.1,0
2021-02-22 05:30,16754.4,16832.6,16404.6,16479.2,0
2021-02-23 05:30,16589.8,16636.8,16351.9,16394.8,0
2021-02-24 05:30,16408.2,17007.7,16371.2,16951.4,0
2021-02-25 05:30,17052.2,17214,16892.7,16919.3,0
2021-02-26 05:30,16618.2,16636.6,16011.2,16085.2,0
2021-03-01 05:30,16314.5,16462.3,16199.9,16372.8,0
2021-03-02 05:30,16458.6,16543.9,16220.5,16398.6,0
2021-03-03 05:30,16577.1,16884.3,16493.1,16854.4,0
2021-03-04 05:30,16516.1,16731.3,16445.3,16550.6,0
2021-03-05 05:30,16408.5,16497.4,16223.3,16346,0
2021-03-08 05:30,16432.8,16541.9,16214.5,16285.5,0
2021-03-09 05:30,16451.9,16689.2,16437.8,16649.8,0
2021-03-10 05:30,16745.4,16772.6,16610.3,16689.7,0
2021-03-12 05:30,16962.8,16962.8,16387,16506.3,0
2021-03-15 05:30,16518.3,16518.3,16056.2,16301.2,0
2021-03-16 05:30,16382.7,16412.8,16142.5,16167.2,0
2021-03-17 05:30,16219.3,16295,15937.8,15977.4,0
2021-03-18 05:30,16135.2,16202.1,15774.2,15848.6,0
2021-03-19 05:30,15733.1,16091.2,15642.9,15985.3,0
2021-03-22 05:30,15967.5,15984.6,15669,15802.2,0
2021-03-23 05:30,15854,16023.5,15748.1,15944.4,0
2021-03-24 05:30,15818.6,15863.8,15574,15604.5,0
2021-03-25 05:30,15677.9,15708.3,15287.7,15474.8,0
2021-03-26 05:30,15728.5,15801,15614.7,15717.2,0
2021-03-30 05:30,15866.4,16067.9,15850.5,16037.8,0
2021-03-31 05:30,15991.6,15994.6,15662.8,15715.6,0
2021-04-01 05:30,15845.2,15942.2,15638,15909.2,0
2021-04-05 05:30,15847.7,15866.7,15231.6,15392.1,0
2021-04-06 05:30,15512.5,15548.9,15281.3,15394.8,0
2021-04-07 05:30,15421.2,15662.5,15283.7,15577.5,0
2021-04-08 05:30,15650.8,15736.3,15473.9,15525.2,0
2021-04-09 05:30,15490,15591.7,15369.6,15412.5,0
2021-04-12 05:30,15054.7,15068,14600.7,14711,0
2021-04-13 05:30,14753.5,15234.1,14693,15209.2,0
2021-04-15 05:30,15300.5,15412,15050.2,15387.4,0
2021-04-16 05:30,15404.3,15479.8,15326,15362.2,0
2021-04-19 05:30,14900.4,15043.8,14675.5,15006.5,0
2021-04-20 05:30,15204.6,15255.4,14830.2,14922.1,0
2021-04-22 05:30,14778.2,15264.7,14690.2,15239.5,0
2021-04-23 05:30,15095.7,15381.7,15049.8,15238.2,0
2021-04-26 05:30,15436,15577.3,15377,15436.9,0
2021-04-27 05:30,15423.7,15615.9,15389.8,15589.2,0
2021-04-28 05:30,15630.7,16062.5,15610.5,16039.8,0
2021-04-29 05:30,16133.3,16297.5,15903.7,16047,0
2021-04-30 05:30,15790.8,15873,15526.6,15560.1,0
2021-05-03 05:30,15338.7,15575.8,15238.8,15529.2,0
2021-05-04 05:30,15588.2,15721.9,15377.8,15401.6,0
2021-05-05 05:30,15531.9,15607.5,15313.3,15556.9,0
2021-05-06 05:30,15622.2,15682,15526.3,15654.7,0
2021-05-07 05:30,15786.7,15847.8,15663,15771,0
2021-05-10 05:30,15900.9,15974.2,15855,15904.8,0
2021-05-11 05:30,15678.8,15821.8,15631.8,15699.9,0
2021-05-12 05:30,15631.8,15633.2,15457.3,15507.3,0
2021-05-14 05:30,15518,15554.5,15347.7,15412.3,0
2021-05-17 05:30,15533,15928.7,15467.6,15905.2,0
2021-05-18 05:30,16079.4,16208.8,16034.5,16140.2,0
2021-05-19 05:30,16067.8,16168.9,15954.6,15981.5,0
2021-05-20 05:30,16002.8,16048,15809.8,15832.4,0
2021-05-21 05:30,15950.8,16373.1,15948.2,16339.8,0
2021-05-24 05:30,16399.8,16556.9,16303.7,16444.6,0
2021-05-25 05:30,16523.5,16535.4,16243.5,16327.9,0
2021-05-26 05:30,16381.1,16458.7,16274.7,16413.3,0
2021-05-27 05:30,16420.8,16492.7,16291,16438.9,0
2021-05-28 05:30,16531.6,16603.1,16433.2,16495.3,0
2021-05-31 05:30,16476.1,16690.6,16383.7,16663.7,0
2021-06-01 05:30,16723.9,16794.8,16585.4,16646,0
2021-06-02 05:30,16604.9,16640.3,16486.7,16621.3,0
2021-06-03 05:30,16692.7,16792.2,16645.6,16780.7,0
2021-06-04 05:30,16794.4,16866.3,16677.1,16744.2,0
2021-06-07 05:30,16779.6,16790.5,16653.9,16702.8,0
2021-06-08 05:30,16707.2,16718.5,16543.9,16576,0
2021-06-09 05:30,16598.6,16694.4,16402.1,16467.3,0
2021-06-10 05:30,16510.5,16685.2,16437.4,16667.2,0
2021-06-11 05:30,16749,16763.2,16601.8,16639.4,0
2021-06-14 05:30,16593.1,16605.4,16344.5,16581.7,0
2021-06-15 05:30,16642.3,16700.5,16587.3,16676.8,0
2021-06-16 05:30,16652,16712.8,16547.4,16576.7,0
2021-06-17 05:30,16369.4,16503.4,16351.2,16409.6,0
2021-06-18 05:30,16484.1,16497.4,16140,16419.2,0
2021-06-21 05:30,16212.2,16560.9,16168.8,16534.7,0
2021-06-22 05:30,16643.4,16709.4,16478.3,16509.3,0
2021-06-23 05:30,16588.9,16592.8,16412.2,16430.4,0
2021-06-24 05:30,16483.2,16565.1,16440.8,16520.3,0
2021-06-25 05:30,16579.8,16757.6,16558.9,16722.3,0
2021-06-28 05:30,16773.6,16806.7,16635.2,16667.4,0
2021-06-29 05:30,16660.4,16665.1,16506.2,16545.7,0
2021-06-30 05:30,16540.9,16637.9,16427,16444.1,0
2021-07-01 05:30,16496.5,16500.5,16361.2,16376.8,0
2021-07-02 05:30,16411.4,16458.3,16347.5,16438.3,0
2021-07-05 05:30,16534.6,16619.2,16496.2,16610.8,0
2021-07-06 05:30,16588.9,16872.9,16586.4,16771.9,0
2021-07-07 05:30,16779.3,16886.8,16731.8,16874.4,0
2021-07-08 05:30,16815.4,16870.8,16614.6,16669.1,0
2021-07-09 05:30,16618,16650.2,16511.4,16590,0
2021-07-12 05:30,16669.8,16704.2,16544.2,16606.2,0
2021-07-13 05:30,16729.6,16868.8,16671.9,16852.2,0
2021-07-14 05:30,16821.6,16889.9,16739.6,16823.1,0
2021-07-15 05:30,16866.9,16976.7,16803.8,16926.3,0
2021-07-16 05:30,16968.4,16974.1,16857.4,16884.1,0
2021-07-19 05:30,16594.3,16680.1,16501.2,16555.8,0
2021-07-20 05:30,16434.6,16465.4,16264.7,16293.1,0
2021-07-22 05:30,16408.8,16572,16396.4,16499.2,0
2021-07-23 05:30,16520,16643.8,16382.8,16611.1,0
2021-07-26 05:30,16574.5,16632.1,16462.6,16574.8,0
2021-07-27 05:30,16615.6,16685.3,16497.7,16529.2,0
2021-07-28 05:30,16525.6,16532.3,16233.5,16444.8,0
2021-07-29 05:30,16517.2,16563.8,16451.2,16513.6,0
2021-07-30 05:30,16525.8,16561.2,16428.9,16468.7,0
2021-08-02 05:30,16577.9,16603.4,16484.6,16539.6,0
2021-08-03 05:30,16586.4,16833.7,16555.8,16818.1,0
2021-08-04 05:30,16898.6,17311.4,16868.9,17253.1,0
2021-08-05 05:30,17299.1,17309.2,17131.4,17193.3,0
2021-08-06 05:30,17202.3,17263.4,17111.2,17136.2,0
2021-08-09 05:30,17143.5,17284.7,17078.8,17202.6,0
2021-08-10 05:30,17200.3,17345.1,17185.5,17254.4,0
2021-08-11 05:30,17325.2,17329.2,17022.5,17147.7,0
2021-08-12 05:30,17151.5,17251.2,17108.4,17233.5,0
2021-08-13 05:30,17252.7,17382.3,17247.4,17350.2,0
2021-08-16 05:30,17315.4,17442,17288.3,17421.3,0
2021-08-17 05:30,17369.6,17397.1,17224.9,17371.2,0
2021-08-18 05:30,17516.7,17534.8,17226.2,17273,0
2021-08-20 05:30,17096.8,17218.6,17052.7,17152.6,0
2021-08-23 05:30,17330.1,17331.9,17086.7,17220.9,0
2021-08-24 05:30,17261.3,17487,17160.8,17461.1,0
2021-08-25 05:30,17502.6,17574.9,17376.8,17403.7,0
2021-08-26 05:30,17383.7,17486.9,17335.1,17441.4,0
2021-08-27 05:30,17424.5,17541.3,17325.7,17520.2,0
2021-08-30 05:30,17612.3,17870.8,17597.6,17843.9,0
2021-08-31 05:30,17832.6,18096.6,17802.5,18070.7,0
2021-09-01 05:30,18106.7,18248.2,17999.1,18036,0
2021-09-02 05:30,18047.2,18203.4,17995.8,18181.8,0
2021-09-03 05:30,18180.3,18286.8,18030.2,18130.6,0
2021-09-06 05:30,18193.6,18201.6,18048.3,18077.2,0
2021-09-07 05:30,18074.4,18185.5,17899.9,18103.9,0
2021-09-08 05:30,18115.8,18244.8,18060,18207.4,0
2021-09-09 05:30,18167.8,18243.2,18095.2,18160.6,0
2021-09-13 05:30,18146.3,18198,18009.2,18126.6,0
2021-09-14 05:30,18212.8,18230,18090.9,18103.8,0
2021-09-15 05:30,18067.9,18201.9,18063.9,18158.2,0
2021-09-16 05:30,18160.2,18379.3,18116.8,18356.8,0
2021-09-17 05:30,18477.4,18634.2,18305.8,18476.2,0
2021-09-20 05:30,18278.1,18472.6,18138.8,18177.9,0
2021-09-21 05:30,18239.3,18342.1,17958.4,18310.1,0
2021-09-22 05:30,18312.6,18330.1,18129.6,18152.1,0
2021-09-23 05:30,18300.3,18590.8,18259.4,18566.2,0
2021-09-24 05:30,18644.7,18692.1,18521.2,18630,0
2021-09-27 05:30,18720.7,18822.1,18663.6,18706.8,0
2021-09-28 05:30,18779,18794.2,18261.6,18534.8,0
2021-09-29 05:30,18382.5,18447.8,18270.7,18371.3,0
2021-09-30 05:30,18338.4,18465.8,18264.6,18303.8,0
2021-10-01 05:30,18181.8,18197.2,18041.6,18137.8,0
2021-10-04 05:30,18239.2,18406.1,18217.6,18312.4,0
2021-10-05 05:30,18275.6,18388.4,18230.3,18367.1,0
2021-10-06 05:30,18378.6,18562,18274.9,18309.2,0
2021-10-07 05:30,18479.3,18487.2,18320.2,18336.9,0
2021-10-08 05:30,18392.3,18451.1,18258.2,18274.1,0
2021-10-11 05:30,18315.8,18621.7,18299.8,18527.7,0
2021-10-12 05:30,18483.2,18632.4,18455.6,18589.5,0
2021-10-13 05:30,18693.3,18720.9,18601.2,18652.5,0
2021-10-14 05:30,18668.9,18965.2,18653.7,18947.7,0
2021-10-18 05:30,19194.6,19196.7,19001.3,19034.3,0
2021-10-19 05:30,19143.6,19175.4,18957.4,19068.4,0
2021-10-20 05:30,19084.6,19109.9,18878.9,18957.6,0
2021-10-21 05:30,19049.2,19247.7,18925.6,19188.8,0
2021-10-22 05:30,19263.3,19508.8,19234.8,19302.9,0
2021-10-25 05:30,19525.9,19778.9,19312.8,19559.5,0
2021-10-26 05:30,19517.5,19696.3,19463.8,19651.1,0
2021-10-27 05:30,19664.8,19715.3,19444.8,19504.8,0
2021-10-28 05:30,19493.4,19504.9,18917.2,18987.6,0
2021-10-29 05:30,18954.5,19041.9,18568.8,18792.8,0
2021-11-01 05:30,18931.4,19095.2,18724.6,19009.7,0
2021-11-02 05:30,19040.2,19148.2,18955.1,19074.8,0
2021-11-03 05:30,19126.4,19220.5,18853.6,18930.1,0
2021-11-04 05:30,19031.6,19056.8,18971.2,18994.2,0
2021-11-08 05:30,19102.7,19258.4,18938.6,19216.2,0
2021-11-09 05:30,19212.3,19226.1,19014.2,19085.3,0
2021-11-10 05:30,18995.2,19054.8,18874.2,19010.2,0
2021-11-11 05:30,18948.1,18956.6,18688.1,18772.8,0
2021-11-12 05:30,18855.8,18996.1,18764.5,18976.2,0
2021-11-15 05:30,19031.8,19122.9,18894.3,18955.2,0
2021-11-16 05:30,18945,18964,18768.2,18805.8,0
2021-11-17 05:30,18707.8,18866.4,18653.5,18679.9,0
2021-11-18 05:30,18677.1,18771.9,18546.8,18606.3,0
2021-11-22 05:30,18667.8,18691.2,17998.4,18177.2,0
2021-11-23 05:30,17995.4,18331.9,17959.9,18261.5,0
2021-11-24 05:30,18300.6,18521.6,18233.1,18304.3,0
2021-11-25 05:30,18278.2,18323.8,18148.8,18264.4,0
2021-11-26 05:30,17998,18042.4,17575.2,17614.7,0
2021-11-29 05:30,17661.2,17762.7,17282.8,17629.9,0
2021-11-30 05:30,17558.3,18007.2,17477.9,17534.8,0
2021-12-01 05:30,17654.2,17808.8,17612.7,17758.8,0
2021-12-02 05:30,17739.7,18012.8,17708.2,17982.9,0
2021-12-03 05:30,17956.7,18100.3,17737.9,17779.5,0
2021-12-06 05:30,17802.3,17843.7,17576.9,17596.7,0
2021-12-07 05:30,17769.6,18071.4,17700,17979.3,0
2021-12-08 05:30,18140.5,18317.9,18115.4,18284.9,0
2021-12-09 05:30,18329.8,18355.2,18115.4,18202.4,0
2021-12-10 05:30,18164.7,18209.8,18037.2,18165.6,0
2021-12-13 05:30,18270.2,18324.9,17984.3,18006.9,0
2021-12-14 05:30,17919.9,17965.7,17757.3,17905.2,0
2021-12-15 05:30,17915.9,17972.7,17758.2,17776.9,0
2021-12-16 05:30,17934.3,17962.1,17639.9,17713.8,0
2021-12-17 05:30,17685.8,17721.9,17243.2,17280.7,0
2021-12-20 05:30,17077.9,17103.8,16547.2,16779.2,0
2021-12-21 05:30,16988.1,17050.9,16742.1,16841.4,0
2021-12-22 05:30,16951.6,17031.3,16848.8,16992.8,0
2021-12-23 05:30,17130.9,17220.2,17057.8,17116.6,0
2021-12-24 05:30,17177.2,17190.1,16847.9,16956.8,0
2021-12-27 05:30,16849.3,17137.2,16735.2,17111.3,0
2021-12-28 05:30,17232.6,17253.6,17103.9,17178.6,0
2021-12-29 05:30,17183.6,17248.8,17066.2,17130,0
2021-12-30 05:30,17113.8,17180.3,17021.1,17116.6,0
2021-12-31 05:30,17147.9,17379.2,17146.7,17330.8,0
2022-01-03 05:30,17377.9,17788.4,17371.3,17761.1,0
2022-01-04 05:30,17816.3,17994.3,17726.8,17972.9,0
2022-01-05 05:30,18027.6,18395.4,17973.5,18336.7,0
2022-01-06 05:30,18111.6,18284.8,18016.8,18174.8,0
2022-01-07 05:30,18215.2,18356.6,18070.8,18206.1,0
2022-01-10 05:30,18282.7,18503.9,18282.7,18483.8,0
2022-01-11 05:30,18487.1,18562.8,18381.8,18538.8,0
2022-01-12 05:30,18660.2,18747.7,18613.6,18684.8,0
2022-01-13 05:30,18705.1,18705.1,18560.4,18611.8,0
2022-01-14 05:30,18508.1,18603.6,18412,18566.1,0
2022-01-17 05:30,18504,18688.4,18478.7,18521.7,0
2022-01-18 05:30,18590.3,18730.1,18429.1,18468.7,0
2022-01-19 05:30,18488.1,18488.1,18170.4,18269.9,0
2022-01-20 05:30,18286.2,18319,17988,18137.9,0
2022-01-21 05:30,17974.3,18114.3,17858.1,18047.1,0
2022-01-24 05:30,18019.9,18039.5,17389,17633.4,0
2022-01-25 05:30,17445.6,17829.2,17324.2,17789.8,0
2022-01-27 05:30,17509.3,17834.6,17386,17763.2,0
2022-01-28 05:30,17878.1,17995.8,17634.2,17673.6,0
2022-01-31 05:30,17856.8,17931.4,17707.3,17836.2,0
2022-02-01 05:30,18065.9,18218.2,17702.6,18060.2,0
2022-02-02 05:30,18207.1,18430.8,18178.2,18408.8,0
2022-02-03 05:30,18394.6,18429.2,18090.9,18153.3,0
2022-02-04 05:30,18221.4,18241.1,17978.7,18071.7,0
2022-02-07 05:30,17970.5,18066.4,17534.9,17607.8,0
2022-02-08 05:30,17695.7,17719.7,17379.6,17632.6,0
2022-02-09 05:30,17761.6,17879.9,17716.4,17860.3,0
2022-02-10 05:30,17967.1,18145.8,17819.2,18068.3,0
2022-02-11 05:30,17859.2,17907.7,17730.6,17803,0
2022-02-14 05:30,17439.8,17488.4,17022.4,17059.1,0
2022-02-15 05:30,17119.4,17613.3,16976.8,17584.4,0
2022-02-16 05:30,17654.8,17773.1,17488.9,17544.2,0
2022-02-17 05:30,17607.4,17655.8,17408.9,17479.3,0
2022-02-18 05:30,17406.2,17617.9,17384.3,17524.9,0
2022-02-21 05:30,17420.3,17669.8,17305.8,17530.2,0
2022-02-22 05:30,17136,17567.8,17129,17462.7,0
2022-02-23 05:30,17586.3,17628.4,17392.4,17428.8,0
2022-02-24 05:30,16847.8,17076.5,16448.4,16531.6,0
2022-02-25 05:30,16836.7,17142.3,16772.9,17028.9,0
2022-02-28 05:30,16810,16974,16645.4,16936.3,0
2022-03-02 05:30,16573.7,16636.5,16375.7,16551.9,0
2022-03-03 05:30,16652.8,16729.8,16277.8,16359,0
2022-03-04 05:30,16188.9,16373.2,15938.2,16080.2,0
2022-03-07 05:30,15567.8,15627.5,15220.2,15391.2,0
2022-03-08 05:30,15239.9,15566.1,15042.5,15528.8,0
2022-03-09 05:30,15565.4,15930.8,15428.9,15845.5,0
2022-03-10 05:30,16467,16511.6,15991,16135,0
2022-03-11 05:30,16055.4,16316.3,15952.5,16165.2,0
2022-03-14 05:30,16203,16555.9,16167.7,16514.2,0
2022-03-15 05:30,16570.7,16651.8,16225.8,16352.1,0
2022-03-16 05:30,16596.5,16742.4,16557.3,16675.5,0
2022-03-17 05:30,16952.1,17196.3,16939.8,17137.4,0
2022-03-21 05:30,17224.3,17236.5,16898.6,16936.9,0
2022-03-22 05:30,16927.2,17132.8,16686.8,17087.2,0
2022-03-23 05:30,17207.2,17277.8,16898.8,16936.8,0
2022-03-24 05:30,16712.9,16859.8,16628.7,16672,0
2022-03-25 05:30,16770.5,16773.4,16531.2,16616.7,0
2022-03-28 05:30,16657.2,16687.8,16374.9,16667.9,0
2022-03-29 05:30,16774.4,16884.3,16676.9,16836.7,0
2022-03-30 05:30,17017.8,17181.4,16936.6,17167.1,0
2022-03-31 05:30,17204.7,17318.1,17115.1,17147.2,0
2022-04-01 05:30,17093.2,17501.5,17067.5,17467.2,0
2022-04-04 05:30,17853,18624.5,17813.9,18277.2,0
2022-04-05 05:30,18286.1,18298.2,17936.8,17989.3,0
2022-04-06 05:30,17820.3,17883.8,17679.2,17703.5,0
2022-04-07 05:30,17600.9,17748.8,17537.9,17577.4,0
2022-04-08 05:30,17647.7,17733.5,17482.3,17667.3,0
2022-04-11 05:30,17586.1,17702.1,17534.4,17567.8,0
2022-04-12 05:30,17473.2,17650.9,17424.6,17572.2,0
2022-04-13 05:30,17644.8,17689.2,17391.7,17419.6,0
2022-04-18 05:30,17124.3,17172.3,16931.9,17034.7,0
2022-04-19 05:30,17068.7,17100.8,16525.4,16708.9,0
2022-04-20 05:30,16775.1,16790.2,16585,16702.4,0
2022-04-21 05:30,16800.3,16994.7,16728.7,16959.9,0
2022-04-22 05:30,16789.9,16847.2,16641.2,16664.4,0
2022-04-25 05:30,16545.2,16715.9,16434.4,16639.9,0
2022-04-26 05:30,16831.5,16856.1,16720.2,16804.8,0
2022-04-27 05:30,16654.2,16681.7,16469.1,16557.7,0
2022-04-28 05:30,16637.2,16744.6,16505.1,16713.2,0
2022-04-29 05:30,16772.2,16927.3,16580.3,16636.6,0
2022-05-02 05:30,16403.2,16700.4,16400.2,16671.9,0
2022-05-04 05:30,16698,16732.2,16177.5,16237,0
2022-05-05 05:30,16422.6,16540.8,16221.4,16261.5,0
2022-05-06 05:30,15959.5,16009,15835.5,15895.3,0
2022-05-09 05:30,15656.3,15958,15634.3,15844.1,0
2022-05-10 05:30,15803.4,16067.6,15802.8,15929.9,0
2022-05-11 05:30,16033.5,16073.7,15769.3,15974.7,0
2022-05-12 05:30,15797,15829,15400.4,15487.5,0
2022-05-13 05:30,15647.2,15674.8,15247.2,15291.7,0
2022-05-16 05:30,15342.4,15584.7,15247.5,15492.8,0
2022-05-17 05:30,15568.2,15835,15505.3,15810.5,0
2022-05-18 05:30,15878.2,15982,15740.8,15765.9,0
2022-05-19 05:30,15431,15525.5,15348,15397.9,0
2022-05-20 05:30,15600.5,15827.3,15548,15793.6,0
2022-05-23 05:30,15828.3,16017.3,15702.8,15759.5,0
2022-05-24 05:30,15739.3,15932.7,15703.5,15809.8,0
2022-05-25 05:30,15904.2,16023.1,15874.7,15918.1,0
2022-05-26 05:30,16035.5,16285.4,15919.5,16231.3,0
2022-05-27 05:30,16336.2,16513.7,16301.3,16476.1,0
2022-05-30 05:30,16658.8,16721.9,16599.8,16629.2,0
2022-05-31 05:30,16518.8,16618.8,16379,16475.7,0
2022-06-01 05:30,16419.9,16579,16368.6,16502.3,0
2022-06-02 05:30,16436.5,16468.8,16349.5,16447.4,0
2022-06-03 05:30,16593.6,16615,16290.3,16330.4,0
2022-06-06 05:30,16258.2,16382.5,16218,16324.6,0
2022-06-07 05:30,16202.7,16225.7,16075.2,16152,0
2022-06-08 05:30,16238,16346,16063.4,16146.8,0
2022-06-09 05:30,16060.2,16232.3,16024.8,16209.8,0
2022-06-10 05:30,16027.3,16053.5,15808.7,15847.3,0
2022-06-13 05:30,15482.3,15504.4,15276.1,15356.4,0
2022-06-14 05:30,15230.7,15438.5,15217.2,15292.2,0
2022-06-15 05:30,15283.7,15407.7,15251.7,15333.3,0
2022-06-16 05:30,15461.5,15515.8,14970.9,15002,0
2022-06-17 05:30,14882.1,15136.6,14857.3,15059.3,0
2022-06-20 05:30,15117,15234.4,14995.3,15204,0
2022-06-21 05:30,15328,15588.2,15251.2,15436.3,0
2022-06-22 05:30,15368,15393.6,15242.3,15271.5,0
2022-06-23 05:30,15300.7,15498.8,15179.6,15391.7,0
2022-06-24 05:30,15500.5,15648.5,15494.8,15595.5,0
2022-06-27 05:30,15826.3,15826.5,15629.9,15651,0
2022-06-28 05:30,15548.3,15611.3,15470.3,15559,0
2022-06-29 05:30,15410.3,15490,15383.3,15409.3,0
2022-06-30 05:30,15358.7,15563.9,15358.7,15474.4,0
2022-07-01 05:30,15395.9,15674.9,15315,15620.8,0
2022-07-04 05:30,15600.7,15786.4,15559.6,15766.5,0
2022-07-05 05:30,15855.2,15981.5,15695.3,15729.2,0
2022-07-06 05:30,15745,16009.8,15735.4,15980.2,0
2022-07-07 05:30,16109.3,16196.8,16031.7,16179,0
2022-07-08 05:30,16332.4,16332.4,16188.5,16260.2,0
2022-07-11 05:30,16217.7,16403.9,16211.5,16365.6,0
2022-07-12 05:30,16282.8,16306.4,16168.2,16200.6,0
2022-07-13 05:30,16260.7,16291.6,16026,16043.8,0
2022-07-14 05:30,16065.6,16165.9,15950.7,15998.8,0
2022-07-15 05:30,16035.8,16128.8,15976.1,16112.8,0
2022-07-18 05:30,16164.2,16351.6,16120,16341.5,0
2022-07-19 05:30,16248,16458.8,16246.1,16436.2,0
2022-07-20 05:30,16593.2,16617.8,16487.9,16530.1,0
2022-07-21 05:30,16531.1,16631.2,16466.3,16600.5,0
2022-07-22 05:30,16663.4,16897.1,16643.3,16858.6,0
2022-07-25 05:30,16855.8,16964.3,16738.2,16837.6,0
2022-07-26 05:30,16850.4,16855.3,16697.8,16734.1,0
2022-07-27 05:30,16717.7,16891.8,16661.6,16880.3,0
2022-07-28 05:30,17022.5,17310.4,16998.2,17280,0
2022-07-29 05:30,17470.8,17506.8,17290.4,17437.8,0
2022-08-01 05:30,17512.6,17602.4,17414,17584.2,0
2022-08-02 05:30,17518.5,17595.8,17385.9,17538.8,0
2022-08-03 05:30,17513.2,17574.6,17375.6,17551.7,0
2022-08-04 05:30,17613.2,17641.8,17245.8,17472.1,0
2022-08-05 05:30,17515.7,17616.9,17466.2,17534.6,0
2022-08-08 05:30,17519.8,17729.4,17440.7,17697.6,0
2022-08-10 05:30,17741.2,17764.9,17643.8,17699.1,0
2022-08-11 05:30,17898.7,17998.5,17858.3,17977.4,0
2022-08-12 05:30,17993,18075.3,17918.9,18055.2,0
2022-08-16 05:30,18152.3,18243.6,18122.6,18191.3,0
2022-08-17 05:30,18230.2,18374.5,18144.2,18348.2,0
2022-08-18 05:30,18287,18427.3,18272.9,18406.1,0
2022-08-19 05:30,18425.1,18450.2,18064.7,18114.9,0
2022-08-22 05:30,17997.1,18007.9,17749.8,17763.4,0
2022-08-23 05:30,17626.8,17963.9,17621.3,17897.3,0
2022-08-24 05:30,17815.8,18011.7,17814.1,17987,0
2022-08-25 05:30,18053.8,18165.8,17862.3,17916.3,0
2022-08-26 05:30,18010.2,18102.3,17879.1,17933.9,0
2022-08-29 05:30,17533.2,17693.4,17481.1,17631.7,0
2022-08-30 05:30,17734.6,18265.7,17724.9,18235.1,0
2022-09-01 05:30,17913.9,18248.5,17912.8,18056,0
2022-09-02 05:30,18108.2,18219.9,17996.4,18147.2,0
2022-09-05 05:30,18159.2,18304.8,18154.4,18264.9,0
2022-09-06 05:30,18301.3,18385.7,18162.8,18197.9,0
2022-09-07 05:30,18052,18189.1,18043.2,18140.5,0
2022-09-08 05:30,18274.4,18426.9,18249.8,18409.4,0
2022-09-09 05:30,18537.2,18553.5,18353.8,18383.9,0
2022-09-12 05:30,18427.4,18494.5,18360.2,18437.6,0
2022-09-13 05:30,18571.1,18638.2,18544.6,18605.3,0
2022-09-14 05:30,18333.4,18857.8,18333.4,18745.6,0
2022-09-15 05:30,18800.8,18923.9,18609.9,18654.9,0
2022-09-16 05:30,18545.8,18599.2,18271.2,18372.1,0
2022-09-19 05:30,18348.6,18576,18274.3,18492.6,0
2022-09-20 05:30,18656.9,18842.2,18614.5,18750.8,0
2022-09-21 05:30,18664.7,18774.2,18518.8,18662.2,0
2022-09-22 05:30,18504.9,18581.5,18274.9,18403.7,0
2022-09-23 05:30,18300.2,18342.6,17882.8,17947.2,0
2022-09-26 05:30,17723.2,17816.4,17511.2,17565.3,0
2022-09-27 05:30,17636.9,17737.2,17361.3,17424.1,0
2022-09-28 05:30,17301.1,17449.9,17155.3,17210.1,0
2022-09-29 05:30,17345.1,17411.8,17080.7,17123,0
2022-09-30 05:30,17095.2,17609.4,16983.8,17506.7,0
2022-10-03 05:30,17438.3,17495.8,17232.3,17270.2,0
2022-10-04 05:30,17564.1,17761.3,17525.7,17741.1,0
2022-10-06 05:30,17830.4,17900.4,17730.8,17749.1,0
2022-10-07 05:30,17663.6,17737.8,17579.1,17707,0
2022-10-10 05:30,17488.6,17720.6,17409.8,17626.5,0
2022-10-11 05:30,17591.5,17675.1,17414.9,17455.2,0
2022-10-12 05:30,17472.7,17624.4,17421.7,17603.8,0
2022-10-13 05:30,17520.1,17552.2,17316.7,17389.4,0
2022-10-14 05:30,17726.2,17820.2,17646.2,17705.5,0
2022-10-17 05:30,17680.8,17929.2,17624.8,17908.9,0
2022-10-18 05:30,18038,18080.1,17961.1,18021.3,0
2022-10-19 05:30,18163.2,18227.1,18030.5,18093.8,0
2022-10-20 05:30,17980.9,18086.5,17912.2,18057.2,0
2022-10-21 05:30,18154.8,18300.8,18115.1,18194.1,0
2022-10-24 05:30,18442.5,18476.7,18393.9,18424.8,0
2022-10-25 05:30,18504.1,18515.4,18245.1,18280.9,0
2022-10-27 05:30,18441.4,18456.4,18281.1,18334.1,0
2022-10-28 05:30,18313.7,18450.8,18218.6,18284.3,0
2022-10-31 05:30,18416.7,18554.5,18385.2,18538.3,0
2022-11-01 05:30,18641.9,18734.6,18558.2,18606.4,0
2022-11-02 05:30,18670,18687.4,18542.2,18577.2,0
2022-11-03 05:30,18439,18654.2,18434.2,18582.2,0
2022-11-04 05:30,18568.7,18692.4,18515.2,18599.7,0
2022-11-07 05:30,18751.6,18767.9,18580.8,18739.2,0
2022-11-09 05:30,18804.1,18823.5,18646.1,18689.3,0
2022-11-10 05:30,18566.6,18636.1,18493.2,18604.6,0
2022-11-11 05:30,18853.9,19117.7,18795.9,19007.9,0
2022-11-14 05:30,19028.9,19062,18920.2,18970.8,0
2022-11-15 05:30,19032.8,19118.4,18946.4,19083.6,0
2022-11-16 05:30,19054,19192.6,19013.7,19148.3,0
2022-11-17 05:30,19079.1,19193.4,19043.8,19077,0
2022-11-18 05:30,19112.4,19134.3,18971.1,19070.9,0
2022-11-21 05:30,18993.9,19024.4,18902.6,18949.6,0
2022-11-22 05:30,18987.7,19000.4,18940.2,18973.2,0
2022-11-23 05:30,19069.9,19128.1,19019.8,19069.1,0
2022-11-24 05:30,19124.7,19318.6,19096.8,19277,0
2022-11-25 05:30,19324.9,19340.9,19165.2,19216.9,0
2022-11-28 05:30,19096.4,19257.6,19091.9,19200.2,0
2022-11-29 05:30,19176.4,19320,19176.4,19231.4,0
2022-11-30 05:30,19266.7,19407.7,19197.6,19358.8,0
2022-12-01 05:30,19480.7,19483.1,19307.1,19369.1,0
2022-12-02 05:30,19232.3,19292.6,19193,19249.6,0
2022-12-05 05:30,19300.4,19319.3,19165.2,19297.3,0
2022-12-06 05:30,19174.3,19256.9,19174.3,19242.3,0
2022-12-07 05:30,19247.2,19303.3,19139.4,19180.4,0
2022-12-08 05:30,19185.2,19312.7,19156.6,19292.4,0
2022-12-09 05:30,19362.4,19367.8,19200.2,19290.3,0
2022-12-12 05:30,19191.6,19357.3,19148.7,19313.8,0
2022-12-13 05:30,19346.2,19429.9,19336.4,19409.8,0
2022-12-14 05:30,19465.9,19515.9,19433.6,19466,0
2022-12-15 05:30,19421.2,19477.2,19171.1,19216,0
2022-12-16 05:30,19106,19220.3,19030.8,19111.9,0
2022-12-19 05:30,19153.5,19295.9,19100.2,19277.7,0
2022-12-21 05:30,19283.4,19329,18839,18925.2,0
2022-12-22 05:30,19026.2,19053.8,18787.2,18858.6,0
2022-12-23 05:30,18675.7,18779.2,18571.9,18595.6,0
2022-12-26 05:30,18610.7,19010.7,18559.2,18928.7,0
2022-12-27 05:30,19002.1,19036.8,18838.3,19011.2,0
2022-12-28 05:30,18956.3,19042.6,18940.6,18982.8,0
2022-12-29 05:30,18903.2,19179.2,18796.9,19090.6,0
2022-12-30 05:30,19161.9,19166.7,18922.3,18981.2,0
2023-01-02 05:30,18982.5,19123.5,18937.2,19074.4,0
2023-01-03 05:30,19041.6,19219.6,19041.6,19196.1,0
2023-01-04 05:30,19172.6,19257.1,18966.8,19007,0
2023-01-05 05:30,19042.2,19045.2,18670.2,18782.2,0
2023-01-06 05:30,18808.7,18816.4,18500.1,18603.8,0
2023-01-09 05:30,18687.6,18805.1,18608.1,18731.6,0
2023-01-10 05:30,18758.2,18771.6,18412.4,18474.1,0
2023-01-11 05:30,18485.8,18608.9,18347.3,18566.6,0
2023-01-12 05:30,18571.1,18632.3,18411.6,18540.1,0
2023-01-13 05:30,18567.2,18682.4,18453.9,18646.2,0
2023-01-16 05:30,18763.1,18794.8,18461.1,18506.2,0
2023-01-17 05:30,18531.2,18632.4,18447.2,18604.2,0
2023-01-18 05:30,18617.1,18785.2,18560.1,18753.5,0
2023-01-19 05:30,18740.2,18797,18685,18739.7,0
2023-01-20 05:30,18799.8,18873,18751.7,18772.4,0
2023-01-23 05:30,18897.3,18961.8,18843.3,18887.5,0
2023-01-24 05:30,18957.6,19003.8,18844.9,18890,0
2023-01-25 05:30,18869.1,18886.1,18447.1,18488.6,0
2023-01-27 05:30,18372.7,18383.6,17916.6,18030.8,0
2023-01-30 05:30,17836.1,18175.7,17707.4,18091.2,0
2023-01-31 05:30,18155.1,18175.7,17950.5,18095,0
2023-02-01 05:30,18294.9,18658.7,17715.7,18084.8,0
2023-02-02 05:30,17839.5,18085.6,17747.9,18022.2,0
2023-02-03 05:30,18132.2,18462.2,18074.7,18447.7,0
2023-02-06 05:30,18440.8,18510.2,18296.8,18371.6,0
2023-02-07 05:30,18421.7,18455.9,18242.9,18395.7,0
2023-02-08 05:30,18415.5,18566.8,18405.3,18485.9,0
2023-02-09 05:30,18525.4,18538,18396.7,18511.8,0
2023-02-10 05:30,18476.2,18565.4,18463.9,18516.2,0
2023-02-13 05:30,18504.1,18540.1,18342.2,18428.9,0
2023-02-14 05:30,18483.8,18619.5,18425.6,18595.7,0
2023-02-15 05:30,18595.1,18663,18494.9,18636.9,0
2023-02-16 05:30,18714.1,18738.8,18541.8,18587.8,0
2023-02-17 05:30,18539.2,18555.8,18317.4,18434.1,0
2023-02-20 05:30,18473.6,18503.8,18208.6,18252.6,0
2023-02-21 05:30,18295.7,18378.3,18215.4,18262.4,0
2023-02-22 05:30,18186.1,18204.6,17905.2,17941.2,0
2023-02-23 05:30,17926.5,17984.7,17763.8,17912.1,0
2023-02-24 05:30,18022.2,18036.8,17827.9,17864.1,0
2023-02-27 05:30,17819.6,18037,17787.1,18001.4,0
2023-02-28 05:30,17969.7,18059.8,17909.4,17989.7,0
2023-03-01 05:30,18083.5,18136.1,18037.9,18100.3,0
2023-03-02 05:30,18070.2,18144.2,17920.4,17946.9,0
2023-03-03 05:30,18070.3,18322.8,18024.2,18264.5,0
2023-03-06 05:30,18336.3,18466.2,18320.2,18369.6,0
2023-03-08 05:30,18316,18410.9,18272.3,18393.2,0
2023-03-09 05:30,18374.9,18445.7,18237.2,18255.5,0
2023-03-10 05:30,18077.3,18088,17863.2,17927.8,0
2023-03-13 05:30,17907.6,18079,17584,17635,0
2023-03-14 05:30,17617.5,17717.7,17456.4,17545.8,0
2023-03-15 05:30,17693.4,17746.2,17361.8,17410.8,0
2023-03-16 05:30,17429.9,17564.4,17261.3,17463.9,0
2023-03-17 05:30,17577.1,17728.8,17386.2,17671.4,0
2023-03-20 05:30,17665.8,17665.8,17379.9,17549.8,0
2023-03-21 05:30,17660.3,17830.3,17593.7,17806.8,0
2023-03-22 05:30,17869.4,17895.5,17783.2,17863.4,0
2023-03-23 05:30,17790.7,17967.1,17716.2,17746.6,0
2023-03-24 05:30,17688.7,17788.4,17579.9,17623.4,0
2023-03-27 05:30,17659.8,17727.9,17555.5,17616.1,0
2023-03-28 05:30,17668.4,17698.2,17589.2,17664.4,0
2023-03-29 05:30,17702.9,17856.4,17693.9,17793.8,0
2023-03-31 05:30,17924.2,18090.2,17903.7,18058.7,0
2023-04-03 05:30,18096.7,18185.2,18041.8,18164.8,0
2023-04-05 05:30,18221.2,18390.4,18197.6,18372.2,0
2023-04-06 05:30,18345.7,18510.6,18303.8,18462.2,0
2023-04-10 05:30,18487.4,18493.3,18348.2,18390.7,0
2023-04-11 05:30,18518.7,18606.9,18447.4,18588.6,0
2023-04-12 05:30,18618.4,18726.8,18587.1,18702.1,0
2023-04-13 05:30,18718.9,18878.3,18661.9,18854.3,0
2023-04-17 05:30,19103.5,19103.5,18665.1,18827.2,0
2023-04-18 05:30,18890,18896.4,18718.3,18764.6,0
2023-04-19 05:30,18783.3,18794.4,18704.2,18768.7,0
2023-04-20 05:30,18793.5,18851.3,18733.8,18790.3,0
2023-04-21 05:30,18786.3,18843.3,18671.6,18753.8,0
2023-04-24 05:30,18910.4,19006.3,18822.7,18992.9,0
2023-04-25 05:30,19010.5,19050.2,18934.3,18961.8,0
2023-04-26 05:30,18929.2,19024,18859.8,19003,0
2023-04-27 05:30,18976.7,19118.8,18970.7,19097.2,0
2023-04-28 05:30,19109.4,19189.1,18977.8,19162.6,0
2023-05-02 05:30,19229.5,19265.2,19168.1,19208.1,0
2023-05-03 05:30,19151.6,19200.4,19091.8,19182.2,0
2023-05-04 05:30,19161.8,19501.2,19152.5,19479.3,0
2023-05-05 05:30,19104.2,19306.8,18995.3,19023.8,0
2023-05-08 05:30,19079.4,19353.4,19055.7,19303.9,0
2023-05-09 05:30,19360.4,19424.9,19238.2,19274.7,0
2023-05-10 05:30,19306,19356.2,19138.1,19337.2,0
2023-05-11 05:30,19428.2,19517.7,19366.8,19401.5,0
2023-05-12 05:30,19366.7,19556.3,19335.8,19507.2,0
2023-05-15 05:30,19519.8,19631.8,19461.4,19583.2,0
2023-05-16 05:30,19584.6,19584.6,19392.7,19439,0
2023-05-17 05:30,19460.7,19461.3,19206.4,19301.3,0
2023-05-18 05:30,19421.8,19485.6,19332.1,19363.8,0
2023-05-19 05:30,19443.2,19446.1,19266.8,19420.2,0
2023-05-22 05:30,19405.4,19448.8,19310.8,19386.2,0
2023-05-23 05:30,19437.2,19465.3,19356.8,19397.8,0
2023-05-24 05:30,19309.1,19433.2,19227.2,19243,0
2023-05-25 05:30,19219.6,19255.9,19118.4,19239.3,0
2023-05-26 05:30,19276.5,19391.4,19200.7,19370.5,0
2023-05-29 05:30,19516.9,19614.1,19476.5,19532.7,0
2023-05-30 05:30,19518.2,19636.9,19493.6,19606.1,0
2023-05-31 05:30,19567.7,19572.6,19338.6,19445.8,0
2023-06-01 05:30,19508.4,19509.1,19285.9,19322.7,0
2023-06-02 05:30,19419.2,19435.3,19318.3,19368.2,0
2023-06-05 05:30,19453.5,19512.6,19426.1,19438.5,0
2023-06-06 05:30,19461.8,19516.8,19407.8,19479.7,0
2023-06-07 05:30,19542.8,19556.1,19469.2,19538.1,0
2023-06-08 05:30,19494.8,19623.1,19403.2,19436.3,0
2023-06-09 05:30,19455.3,19505.9,19391.3,19411.8,0
2023-06-12 05:30,19440.8,19481.7,19377.5,19399.8,0
2023-06-13 05:30,19372.1,19497.7,19372.1,19469,0
2023-06-14 05:30,19512.5,19528.8,19403.5,19418.3,0
2023-06-15 05:30,19452.8,19457.6,19213.5,19228.7,0
2023-06-16 05:30,19290.5,19519.8,19264.2,19456.9,0
2023-06-19 05:30,19522.1,19533.1,19361.8,19425.9,0
2023-06-20 05:30,19422.5,19525.9,19302.9,19502.9,0
2023-06-21 05:30,19594.3,19660.1,19533,19635.9,0
2023-06-22 05:30,19660.4,19741.8,19577.9,19594.3,0
2023-06-23 05:30,19543.4,19624.7,19488.2,19515.1,0
2023-06-26 05:30,19532.9,19554.8,19456.3,19521.8,0
2023-06-27 05:30,19601,19809.2,19555.8,19788.5,0
2023-06-28 05:30,19917.2,19954.9,19812.3,19895.2,0
2023-06-30 05:30,20041.8,20077.8,19949.4,20057.7,0
2023-07-03 05:30,20147.2,20398.8,20125,20253.8,0
2023-07-04 05:30,20373.3,20577.2,20307.3,20413.4,0
2023-07-05 05:30,20354.2,20395.8,20203.6,20246.2,0
2023-07-06 05:30,20210.2,20314.4,20186.7,20270.2,0
2023-07-07 05:30,20167.1,20246.4,20053.4,20086.9,0
2023-07-10 05:30,20097.7,20175.2,20014.1,20057.3,0
2023-07-11 05:30,20112.6,20201.9,19940.9,19969.3,0
2023-07-12 05:30,20035.9,20091.3,19893.1,19924.1,0
2023-07-13 05:30,20091.2,20159.1,19991.9,20021.5,0
2023-07-14 05:30,20117.6,20140.2,19937.4,20050.5,0
2023-07-17 05:30,20111.2,20339.5,19984.6,20301.2,0
2023-07-18 05:30,20428.3,20476.2,20208.7,20262.6,0
2023-07-19 05:30,20312.1,20388.4,20268.2,20377.3,0
2023-07-20 05:30,20369.5,20613,20319.3,20584.3,0
2023-07-21 05:30,20531.9,20653.4,20482.1,20534.3,0
2023-07-24 05:30,20574.1,20611.3,20471.6,20502.8,0
2023-07-25 05:30,20607.1,20608,20411.4,20530.1,0
2023-07-26 05:30,20560.9,20627.3,20480.6,20540.8,0
2023-07-27 05:30,20656.9,20666.6,20330.3,20381.1,0
2023-07-28 05:30,20339.8,20407.8,20195.6,20298.1,0
2023-07-31 05:30,20303.6,20363.2,20213.3,20342.1,0
2023-08-01 05:30,20369.1,20382.2,20268.3,20327.2,0
2023-08-02 05:30,20172.7,20245.4,19957.3,20066.9,0
2023-08-03 05:30,20000.1,20088.4,19731.2,19832.4,0
2023-08-04 05:30,19931.1,20043.5,19851.5,19988.6,0
2023-08-07 05:30,20062.7,20077.3,19971.1,20022.6,0
2023-08-08 05:30,20048.3,20120.9,20012.6,20087.4,0
2023-08-09 05:30,20104.8,20104.8,19908.6,20044.4,0
2023-08-10 05:30,20009.3,20066.4,19846.7,19890.9,0
2023-08-11 05:30,19913.5,19915.7,19699.9,19718.7,0
2023-08-14 05:30,19647.1,19705.3,19527.1,19652.5,0
2023-08-16 05:30,19486.2,19610.9,19424.2,19586.1,0
2023-08-17 05:30,19565.9,19622.7,19496.4,19548,0
2023-08-18 05:30,19461.7,19528.8,19436.8,19481.2,0
2023-08-21 05:30,19511.4,19622,19470.8,19571.5,0
2023-08-22 05:30,19626.5,19657.6,19527.4,19551.8,0
2023-08-23 05:30,19584.4,19744.1,19511.6,19731.9,0
2023-08-24 05:30,19823.1,19927.1,19690.8,19717.8,0
2023-08-25 05:30,19633.6,19705,19541.9,19651.6,0
2023-08-28 05:30,19659.8,19797.4,19638.2,19759.7,0
2023-08-29 05:30,19836.5,19843.7,19765.2,19799.9,0
2023-08-30 05:30,19899.3,19914.4,19666.8,19701.3,0
2023-08-31 05:30,19719.1,19745.8,19566.2,19597.7,0
2023-09-01 05:30,19598.1,19806.8,19545.7,19764.3,0
2023-09-04 05:30,19867.2,19871,19701,19787.6,0
2023-09-05 05:30,19808.6,19817.1,19706.5,19754.8,0
2023-09-06 05:30,19739.5,19811.1,19654,19759,0
2023-09-07 05:30,19764.3,19977.3,19719.3,19960.7,0
2023-09-08 05:30,19989.8,20221.3,19953.7,20138.1,0
2023-09-11 05:30,20218.1,20329.3,20177.8,20305.3,0
2023-09-12 05:30,20439.9,20440.1,20222.9,20303.8,0
2023-09-13 05:30,20265.2,20430.2,20206.2,20386.8,0
2023-09-14 05:30,20416.4,20468.1,20329.8,20408.2,0
2023-09-15 05:30,20455.6,20573.2,20447.3,20531.3,0
2023-09-18 05:30,20479.9,20509.6,20374.8,20408.2,0
2023-09-20 05:30,20191.3,20267.7,20064.3,20104.5,0
2023-09-21 05:30,20005.7,20032,19799.2,19814.9,0
2023-09-22 05:30,19831.6,19931.9,19706.6,19732.9,0
2023-09-25 05:30,19748.4,19913,19721.2,19842.6,0
2023-09-26 05:30,19821.2,19852.8,19771.7,19797.8,0
2023-09-27 05:30,19726,19799,19603.9,19772.6,0
2023-09-28 05:30,19808.4,19828.4,19649.3,19675.6,0
2023-09-29 05:30,19729.2,19880.6,19695.6,19811.1,0
2023-10-03 05:30,19793.4,19795,19669.1,19733.7,0
2023-10-04 05:30,19629.4,19655.2,19534.8,19578.1,0
2023-10-05 05:30,19672.6,19762.8,19638.2,19678.6,0
2023-10-06 05:30,19759.8,19856.8,19714.8,19818.2,0
2023-10-09 05:30,19698.4,19716.5,19569.6,19594.7,0
2023-10-10 05:30,19659.2,19879.2,19650.9,19834.8,0
2023-10-11 05:30,19931.1,19985.2,19879.9,19929.8,0
2023-10-12 05:30,19938.9,19972.7,19903.9,19945.7,0
2023-10-13 05:30,19836.8,19937.4,19788.4,19827.3,0
2023-10-16 05:30,19797.3,19863.9,19733,19814.5,0
2023-10-17 05:30,19980.1,19981.8,19918.8,19943.2,0
2023-10-18 05:30,19923.9,19926.9,19667.3,19687.2,0
2023-10-19 05:30,19533.8,19737.2,19500.7,19610.2,0
2023-10-20 05:30,19525.4,19664.3,19506.2,19606.2,0
2023-10-23 05:30,19646.2,19665.7,19350.3,19404.8,0
2023-10-25 05:30,19460.4,19486.8,19192.2,19224.1,0
2023-10-26 05:30,19152.2,19161.4,18870.2,18922.7,0
2023-10-27 05:30,19051.3,19154.2,19031.8,19129.2,0
2023-10-30 05:30,19095.6,19269.5,18964.2,19241.4,0
2023-10-31 05:30,19386.3,19386.7,19175.5,19204.6,0
2023-11-01 05:30,19140.9,19196.6,19088,19144.6,0
2023-11-02 05:30,19277.7,19399.7,19194.6,19271.9,0
2023-11-03 05:30,19404.3,19433.9,19356.7,19367.4,0
2023-11-06 05:30,19509.2,19548.2,19423.6,19537.6,0
2023-11-07 05:30,19552.2,19586.7,19356.3,19560.6,0
2023-11-08 05:30,19574.3,19577.4,19456.1,19510.9,0
2023-11-09 05:30,19495.1,19566.9,19448.2,19491.9,0
2023-11-10 05:30,19429.1,19608.2,19423.1,19571.1,0
2023-11-12 05:30,19676.1,19677.7,19625.6,19657.2,0
2023-11-13 05:30,19606,19615.7,19479.9,19542.2,0
2023-11-15 05:30,19759.1,19775.7,19690.3,19722.8,0
2023-11-16 05:30,19688.6,19842.6,19640,19732.2,0
2023-11-17 05:30,19496.9,19647.9,19469.8,19554.3,0
2023-11-20 05:30,19552.8,19592.5,19483.1,19518.6,0
2023-11-21 05:30,19619,19635.4,19584.6,19612.1,0
2023-11-22 05:30,19604.6,19615.7,19467.2,19566.3,0
2023-11-23 05:30,19563.7,19642.4,19561.7,19587.2,0
2023-11-24 05:30,19595.4,19665.4,19576.9,19652,0
2023-11-28 05:30,19685.4,19739.4,19645.8,19702.7,0
2023-11-29 05:30,19786.8,20022.6,19766.2,20000.3,0
2023-11-30 05:30,20051.6,20099.3,19903.3,20054.7,0
2023-12-01 05:30,20096.7,20255.3,20074.2,20211,0
2023-12-04 05:30,20571.3,20884.3,20493.1,20862.9,0
2023-12-05 05:30,21068.1,21161.8,20938.2,21055.8,0
2023-12-06 05:30,21161.2,21161.2,20993.5,21026.8,0
2023-12-07 05:30,20992.4,21075.2,20911.1,21023.4,0
2023-12-08 05:30,21007.1,21237.2,21006.3,21213.8,0
2023-12-11 05:30,21192.7,21321.5,21162.4,21214.7,0
2023-12-12 05:30,21260.8,21277.8,21140.3,21173.2,0
2023-12-13 05:30,21203.7,21208.7,21055.4,21171.2,0
2023-12-14 05:30,21375.6,21562.2,21354.3,21461.2,0
2023-12-15 05:30,21545.4,21570.9,21365.4,21529.8,0
2023-12-18 05:30,21513.2,21535.4,21418.2,21444.9,0
2023-12-19 05:30,21476.8,21491.1,21337.2,21434.4,0
2023-12-20 05:30,21518.3,21552.3,21096.8,21201.2,0
2023-12-22 05:30,21339.2,21413.5,21138.4,21197.2,0
2023-12-26 05:30,21240.3,21303.6,21192.9,21261.7,0
2023-12-27 05:30,21316,21491.7,21306.1,21465.7,0
2023-12-28 05:30,21555.3,21627.3,21490.8,21534.1,0
2023-12-29 05:30,21461.5,21523.9,21417.4,21487.4,0
2024-01-01 05:30,21449.2,21551.4,21376.5,21457.1,0
2024-01-02 05:30,21453.7,21465.8,21299.1,21346.2,0
2024-01-03 05:30,21362.2,21368.3,21216.6,21256.6,0
2024-01-04 05:30,21346.8,21551.6,21329.1,21516.6,0
2024-01-05 05:30,21529.9,21602.1,21380.4,21514.2,0
2024-01-08 05:30,21511.9,21554.1,21270.2,21292.4,0
2024-01-09 05:30,21385.4,21479.4,21155.4,21197.2,0
2024-01-10 05:30,21138.8,21256.9,21095.8,21224.3,0
2024-01-11 05:30,21299.2,21382.8,21170.8,21249.2,0
2024-01-12 05:30,21303.8,21371.9,21217.9,21300.7,0
2024-01-15 05:30,21374.5,21499.3,21336.7,21461.3,0
2024-01-16 05:30,21444.1,21513.5,21415,21447.2,0
2024-01-17 05:30,20733.7,21015.8,20486.9,20528.9,0
2024-01-18 05:30,20245.9,20522.1,20194.8,20324.1,0
2024-01-19 05:30,20510.3,20604.9,20371.2,20425.3,0
2024-01-20 05:30,20548.9,20619.5,20412.7,20542.1,0
2024-01-23 05:30,20735.5,20771.8,20081.3,20137.1,0
2024-01-24 05:30,19878.6,20324.5,19878.6,20206.4,0
2024-01-25 05:30,20204.2,20234.9,19941.3,20099.4,0
2024-01-29 05:30,20246.4,20465,20235.8,20413.3,0
2024-01-30 05:30,20392.2,20466.3,20242.7,20285.5,0
2024-01-31 05:30,20249.2,20587.4,20160.6,20497.5,0
2024-02-01 05:30,20555.9,20570.2,20355.7,20516.7,0
2024-02-02 05:30,20661.1,20817.5,20408.3,20434.1,0
2024-02-05 05:30,20441.3,20458.1,20260,20315.8,0
2024-02-06 05:30,20351.8,20391,20240.6,20365.5,0
2024-02-07 05:30,20463.4,20537.6,20357.8,20443.7,0
2024-02-08 05:30,20496.7,20542.8,20021.3,20064.7,0
2024-02-09 05:30,20037.8,20233.6,19958.6,20203.3,0
2024-02-12 05:30,20198.4,20231.6,19822.1,19918.5,0
2024-02-13 05:30,19984.3,20272.1,19920.1,20190.5,0
2024-02-14 05:30,19976.7,20394,19941.1,20325.6,0
2024-02-15 05:30,20372.2,20442.9,20205.3,20416.2,0
2024-02-16 05:30,20526,20552.3,20401.9,20472.8,0
2024-02-19 05:30,20543.4,20611.75,20466.55,20548.9,0
2024-02-20 05:30,20517.45,20818.2,20482.2,20800.85,0
2024-02-21 05:30,20897.3,20897.3,20631.45,20686.75,0
2024-02-22 05:30,20635.05,20712,20440.9,20665.9,0
2024-02-23 05:30,20717.7,20794.65,20645,20677.1,0
2024-02-26 05:30,20585.85,20724.2,20585.25,20619.7,0
2024-02-27 05:30,20564.85,20631.3,20527.95,20552.9,0
2024-02-28 05:30,20577.05,20627.9,20293.35,20340.4,0
2024-02-29 05:30,20306.85,20495.4,20234.75,20407.9,0
2024-03-01 05:30,20446.1,20863.65,20446.1,20842.7,0
2024-03-02 05:30,20884.05,20906.5,20827.7,20848.25,0
2024-03-04 05:30,20852.15,20959.8,20807,20927.25,0
2024-03-05 05:30,20846.5,20958.25,20814.5,20854.5,0
2024-03-06 05:30,20815.65,21064.75,20802.7,20986.15,0
2024-03-07 05:30,21017.95,21063.8,20947.85,21005.85,0
2024-03-11 05:30,21001.4,21020.4,20833.25,20862.55,0
2024-03-12 05:30,20867.95,21069.85,20647.85,20897.5,0
2024-03-13 05:30,20928.4,20960.45,20696.75,20758.2,0
2024-03-14 05:30,20725.3,20864.2,20590.5,20725.9,0
2024-03-15 05:30,20617.65,20706.45,20530.35,20644.3,0
2024-03-18 05:30,20572.95,20703.25,20413.15,20626.65,0
2024-03-19 05:30,20552.5,20651.6,20541.3,20601.95,0
2024-03-20 05:30,20591,20689.85,20362.8,20544.25,0
2024-03-21 05:30,20692.45,20822.75,20656.85,20714.8,0
2024-03-22 05:30,20693.75,20846.05,20667.35,20783.55,0
2024-03-26 05:30,20629.6,20769.35,20629.25,20705.95,0
2024-03-27 05:30,20737.25,20861.25,20737.25,20792.4,0
2024-03-28 05:30,20809.4,21141.75,20809.35,20989.1,0
2024-04-01 05:30,21108.75,21237.5,21100.2,21198.4,0
2024-04-02 05:30,21157.25,21220.45,21118.65,21150.95,0
2024-04-03 05:30,21069.3,21261.25,21065.25,21197.25,0
2024-04-04 05:30,21390.1,21457.45,21220.5,21373.5,0
2024-04-05 05:30,21375.4,21579.65,21294.95,21556.65,0
2024-04-08 05:30,21613.3,21669.15,21552.95,21604.5,0
2024-04-09 05:30,21716.55,21758.35,21625.15,21682.2,0
2024-04-10 05:30,21748.5,21754.25,21670.7,21717.7,0
2024-04-12 05:30,21584.95,21665,21484.35,21521.8,0
2024-04-15 05:30,21292.65,21377.3,21130.35,21146,0
2024-04-16 05:30,20996.95,21145.95,20964.1,21099.25,0
2024-04-18 05:30,21142.75,21228.2,20862,20899.45,0
2024-04-19 05:30,20758.95,21211.1,20694.35,21173,0
2024-04-22 05:30,21409.1,21409.7,21194.45,21326.5,0
2024-04-23 05:30,21476,21477.25,21302.7,21334.2,0
2024-04-24 05:30,21391,21481.65,21361.3,21442.6,0
2024-04-25 05:30,21290.55,21612.9,21269.5,21545.35,0
2024-04-26 05:30,21552.55,21552.55,21304.55,21354.05,0
2024-04-29 05:30,21426.25,21832,21418.15,21811.2,0
2024-04-30 05:30,21827.5,22073.7,21779.2,21841.15,0
2024-05-02 05:30,21785.45,21967.9,21773.85,21873.7,0
2024-05-03 05:30,22009.3,22136.6,21707.45,21797.4,0
2024-05-06 05:30,21857.75,21890.75,21707.05,21743.7,0
2024-05-07 05:30,21783,21807.75,21509.4,21543.5,0
2024-05-08 05:30,21457.3,21528.2,21396.4,21428.35,0
2024-05-09 05:30,21376.05,21475.25,21072.6,21093.5,0
2024-05-10 05:30,21120.35,21270.7,21017.65,21094.15,0
2024-05-13 05:30,21062.7,21288.55,20934.4,21249.8,0
2024-05-14 05:30,21247.5,21317.55,21184.95,21254.55,0
2024-05-15 05:30,21281.1,21293.8,21125.15,21186,0
2024-05-16 05:30,21308.05,21445.65,21093.85,21416.1,0
2024-05-17 05:30,21354.45,21509.5,21320.1,21478.3,0
2024-05-18 05:30,21511.4,21523.35,21469.5,21502.15,0
2024-05-21 05:30,21373.55,21495.8,21373.5,21438.2,0
2024-05-22 05:30,21463.7,21463.7,21198.8,21326.7,0
2024-05-23 05:30,21370.1,21759.2,21352.95,21731.65,0
2024-05-24 05:30,21686,21890.65,21673.1,21852.3,0
2024-05-27 05:30,21913,22143.45,21868.7,21965.6,0
2024-05-28 05:30,22011.35,22056.1,21917.05,21982.15,0
2024-05-29 05:30,21829.1,21914.4,21593,21620.45,0
2024-05-30 05:30,21530.4,21740.45,21529.6,21597.3,0
2024-05-31 05:30,21696.35,21786.8,21565.75,21718.3,0
2024-06-03 05:30,22600.4,22660.05,22259.4,22596.4,0
2024-06-04 05:30,22475.45,22475.45,20457.9,20819.5,0
2024-06-05 05:30,21048.9,21785.3,20666.95,21682.6,0
2024-06-06 05:30,21850.9,22034.9,21710.4,21894.9,0
2024-06-07 05:30,21937.85,22224.95,21814.45,22165.8,0
2024-06-10 05:30,22182.55,22326.55,22085.65,22154.85,0
2024-06-11 05:30,22140.05,22220.7,22038.3,22125.45,0
2024-06-12 05:30,22190.9,22376.75,22135.5,22232.4,0
2024-06-13 05:30,22355.95,22386.8,22273.9,22296.7,0
2024-06-14 05:30,22364.7,22446.9,22250.05,22411.95,0
2024-06-18 05:30,22486.1,22633.85,22355.25,22585.35,0
2024-06-19 05:30,22657.55,23154.25,22586.5,22943.95,0
2024-06-20 05:30,23065.45,23068.75,22818.25,23035.3,0
2024-06-21 05:30,23110.25,23110.4,22814.2,22991.55,0
2024-06-24 05:30,22833.8,23098.1,22811.05,23071.25,0
2024-06-25 05:30,23101.3,23577.5,23098.05,23510.65,0
2024-06-26 05:30,23518.85,23638.8,23402.1,23592.7,0
2024-06-27 05:30,23638.2,23763.2,23504.45,23624.85,0
2024-06-28 05:30,23644.2,23711.05,23379.55,23420.3,0
2024-07-01 05:30,23418.5,23660.25,23361.1,23631.05,0
2024-07-02 05:30,23732.55,23749.25,23395.95,23500.85,0
2024-07-03 05:30,23847.2,23991.45,23692.75,23923.75,0
2024-07-04 05:30,24044.25,24046.6,23808.95,23879.7,0
2024-07-05 05:30,23640.4,23719.4,23496.85,23641.75,0
2024-07-08 05:30,23615.6,23680.25,23476.8,23586.75,0
2024-07-09 05:30,23566.25,23685.8,23523.6,23662.6,0
2024-07-10 05:30,23647.5,23649.85,23478,23599.1,0
2024-07-11 05:30,23652.4,23684.5,23388.25,23599.45,0
2024-07-12 05:30,23606.95,23819.9,23553,23604.4,0
2024-07-15 05:30,23627.75,23775.25,23556.2,23691.85,0
2024-07-16 05:30,23696,23760.2,23628.85,23648.35,0
2024-07-18 05:30,23559.15,23838.5,23523.75,23783.5,0
2024-07-19 05:30,23737.7,23762.05,23566.05,23596.35,0
2024-07-22 05:30,23543.2,23719.05,23450.8,23626.8,0
2024-07-23 05:30,23710.3,23725,23111.05,23304.1,0
2024-07-24 05:30,23224.1,23388.35,22969.2,23165.1,0
2024-07-25 05:30,22921.6,23064.2,22866.15,23049.5,0
2024-07-26 05:30,22941.15,23358.95,22934,23316.7,0
2024-07-29 05:30,23371,23668.55,23222.15,23315.3,0
2024-07-30 05:30,23298.9,23583.85,23208.35,23338,0
2024-07-31 05:30,23364.95,23463.7,23348.15,23412.2,0
2024-08-01 05:30,23462.8,23550.65,23387.65,23435.85,0
2024-08-02 05:30,23254.2,23476.85,23238.25,23365.9,0
2024-08-05 05:30,22984.5,23086.15,22598,22762.7,0
2024-08-06 05:30,22917.85,23078.9,22497.8,22520.1,0
2024-08-07 05:30,22782.7,22857.95,22622.05,22804.75,0
2024-08-08 05:30,22762.95,22988.85,22679.6,22838.4,0
2024-08-09 05:30,23044.25,23088.55,22945.6,22983.3,0
2024-08-12 05:30,22966.6,23158.4,22830.8,23028.55,0
2024-08-13 05:30,22919.5,22989.15,22574.5,22596.8,0
2024-08-14 05:30,22636.4,22663.4,22518.85,22591.7,0
2024-08-16 05:30,22774.4,22997.1,22617.95,22976.2,0
2024-08-19 05:30,23062.4,23065.9,22872,22922.7,0
2024-08-20 05:30,22943.8,23247.2,22926.8,23178.15,0
2024-08-21 05:30,23123,23170.4,23014.05,23143.65,0
2024-08-22 05:30,23230.85,23283.85,23163.45,23247.15,0
2024-08-23 05:30,23275.15,23305.5,23199.95,23232.15,0
2024-08-26 05:30,23324.05,23437.45,23286.5,23386.2,0
2024-08-27 05:30,23402.9,23603.15,23280.4,23578.8,0
2024-08-28 05:30,23557.6,23571.2,23481.25,23521.5,0
2024-08-29 05:30,23519.5,23675.55,23484.85,23581.7,0
2024-08-30 05:30,23712.85,23718.2,23593.85,23637.9,0
2024-09-02 05:30,23756.7,23766.4,23663.15,23727.55,0
2024-09-03 05:30,23764.9,23950.95,23595.05,23922.2,0
2024-09-04 05:30,23772.1,23847.7,23742.4,23834.05,0
2024-09-05 05:30,23886,23921.6,23829.5,23859.5,0
2024-09-06 05:30,23750.8,23855.2,23473,23529.75,0
2024-09-09 05:30,23524.05,23735.25,23441.55,23722.15,0
2024-09-10 05:30,23806.95,23807.4,23559.2,23649.4,0
2024-09-11 05:30,23625.7,23725.35,23542.4,23582.5,0
2024-09-12 05:30,23712.2,23990.25,23578.45,23945.6,0
2024-09-13 05:30,24021.25,24021.25,23855.8,23979.55,0
2024-09-16 05:30,24034.35,24081.1,23932.7,23989.85,0
2024-09-17 05:30,24022.5,24049.7,23939.75,23991.55,0
2024-09-18 05:30,24006.25,24412.6,23998.25,24326.9,0
2024-09-19 05:30,24399.55,24584.45,24333.25,24403.65,0
2024-09-20 05:30,24488.1,24905.35,24407.7,24789.2,0
2024-09-23 05:30,24857.95,24994.25,24790.9,24953.1,0
2024-09-24 05:30,24959.65,25038.2,24849.35,24883.65,0
2024-09-25 05:30,24814.95,25007.8,24813.55,24987.75,0
2024-09-26 05:30,24965.45,25201.95,24945.9,25155.45,0
2024-09-27 05:30,25127.05,25127.05,24873.2,24907.95,0
2024-09-30 05:30,24799.25,24851.25,24459.5,24480.3,0
2024-10-01 05:30,24410.5,24609.1,24410.5,24477.45,0
2024-10-03 05:30,24215.25,24326.25,23819.8,23881.55,0
2024-10-04 05:30,23795.3,24035.75,23560,23621.8,0
2024-10-07 05:30,23641.4,23744.85,23120.5,23221.1,0
2024-10-08 05:30,23311.7,23511.05,23213.55,23452.85,0
2024-10-09 05:30,23518.15,23824.35,23467.55,23546,0
2024-10-10 05:30,23631.25,23821.15,23572.05,23764.65,0
2024-10-11 05:30,23740.95,23762.6,23527,23612.55,0
2024-10-14 05:30,23654.15,23888.55,23630.75,23857.55,0
2024-10-15 05:30,23948.05,23954.5,23808.65,23863.45,0
2024-10-16 05:30,23805.35,23983.75,23805.3,23882.35,0
2024-10-17 05:30,23904.35,23924.5,23531.35,23583.75,0
2024-10-18 05:30,23550.8,23987.5,23428.9,23938.1,0
2024-10-21 05:30,24096.8,24213.8,23899.1,23954.7,0
2024-10-22 05:30,24000.4,24124.75,23662.85,23700.35,0
2024-10-23 05:30,23597.25,23903.55,23597.05,23752,0
2024-10-24 05:30,23771.45,23965.75,23731.05,23854.15,0
2024-10-25 05:30,23910.3,23990.3,23551.05,23732.7,0
2024-10-28 05:30,23887.7,24033.55,23826.25,23861.85,0
2024-10-29 05:30,23877.95,24379.95,23799.8,24357.8,0
2024-10-30 05:30,24208.5,24308.9,23994.55,24037.4,0
2024-10-31 05:30,23966.85,24058.05,23804.8,23886.55,0
2024-11-01 05:30,23920.95,24019.45,23878.15,23947.6,0
2024-11-04 05:30,23997.9,23997.95,23606.9,23660.25,0
2024-11-05 05:30,23579.1,24174,23419.8,24128.9,0
2024-11-06 05:30,24218.35,24257.05,24097.95,24181.2,0
2024-11-07 05:30,24134,24194.6,23871.85,23966.6,0
2024-11-08 05:30,23948.5,24037.05,23801.55,23834.55,0
2024-11-11 05:30,23828.7,24145.25,23727.85,23959.95,0
2024-11-12 05:30,24050.7,24091.8,23486.25,23563.65,0
2024-11-13 05:30,23516.2,23632.35,23053.55,23138.4,0
2024-11-14 05:30,23100.15,23365.1,23089.55,23200.3,0
2024-11-18 05:30,23270.25,23347.9,23194.6,23257.7,0
2024-11-19 05:30,23361.6,23466.15,23289.85,23403.05,0
2024-11-21 05:30,23416.2,23426.2,23094.85,23273.45,0
2024-11-22 05:30,23324.7,23673.5,23319.3,23623.75,0
2024-11-25 05:30,24037.65,24135.8,23931.95,24058.7,0
2024-11-26 05:30,24229.75,24229.95,23954,24046.8,0
2024-11-27 05:30,24040.95,24201.65,24012.5,24171.55,0
2024-11-28 05:30,24211.9,24378.05,23854.7,23919.6,0
2024-11-29 05:30,23968.15,24035.45,23853.5,24010.15,0
2024-12-02 05:30,24033.4,24101.15,23854.8,24072.65,0
2024-12-03 05:30,24199.5,24347.8,24138.75,24296.55,0
2024-12-04 05:30,24339.2,24615.6,24314.1,24562.6,0
2024-12-05 05:30,24596.95,24874.85,24336,24731.25,0
2024-12-06 05:30,24731.85,24830.85,24562.9,24703.7,0
2024-12-09 05:30,24648.2,24856.75,24626.4,24722.6,0
2024-12-10 05:30,24754.45,24838.45,24681.4,24802.95,0
2024-12-11 05:30,24756.1,24865.7,24696.65,24803.05,0
2024-12-12 05:30,24717.55,24858.2,24695.8,24726.95,0
2024-12-13 05:30,24688.35,24911.15,24276.7,24880.4,0
2024-12-16 05:30,24846.9,24931.7,24755.35,24857,0
2024-12-17 05:30,24776.35,24821.1,24449.55,24498.9,0
